RegNo.,Quants,LogicalReasoning,Verbal,Programming,CGPA,Networking,CloudComp,WebServices,DataAnalytics,QualityAssurance,AI,Placed
T150054001,11,11,10,11,10,4.3,6.2,7.4,8.3,8.1,8,1
T150054002,8,10,11,18,8.8,8.9,8,8,8,8.3,9.4,1
T150054003,11,11,10,8,9.63,8.4,8,8,8,8,5.4,1
T150054004,14,13,8,8,6.55,4.5,6.5,6.9,3.3,4.1,4.6,0
T150054005,10,7,7,10,7.27,3.1,5.6,6.7,4.6,2.7,4.4,0
T150054006,12,9,12,11,6.9,2.9,6.2,7.1,3.5,3.7,4.6,0
T150054007,14,9,12,7,8.6,4.7,5.9,5.5,8,8.9,5.2,1
T150054008,7,13,11,13,9.37,4.3,6.2,6.9,4,5,5,0
T150054009,9,8,13,12,7.21,3,6.3,6.9,4.6,3.5,4.8,0
T150054010,13,8,9,11,7.36,2.8,5.7,5.8,2.8,1.9,4.5,0
T150054011,12,9,10,9,8.55,8.3,8,8,8,8.9,8,1
T150054012,13,13,12,10,7.1,4.7,6.5,6.2,4.1,4.7,5.3,0
T150054013,12,9,14,12,9,4.3,7.2,6.9,8,8.2,9.7,1
T150054014,7,14,7,11,8.99,8,8,8,8,8,9.6,1
T150054015,9,12,7,12,6.53,3.2,6.7,5.9,4.6,4,5.3,0
T150054016,11,7,11,8,7.33,3.3,5.6,5.8,2.8,2.4,4.5,0
T150054017,8,8,9,7,6.52,4.1,6.3,6.9,3.8,2,4.8,0
T150054018,13,13,10,8,7.18,3.8,6.6,7.2,4.9,2,5.5,0
T150054019,7,12,13,9,8.78,8.2,9,9,9,9,9.5,1
T150054020,8,12,14,8,6.99,2.9,6.8,6.2,3.4,3.3,4.6,0
T150054021,13,11,11,11,8.43,9.7,9,9,9,8.5,9.4,1
T150054022,9,11,10,14,8.57,4.2,5.9,5.8,8,8.7,4.5,1
T150054023,10,11,8,13,7.46,4.3,5.7,6.5,4.7,2.2,4.7,0
T150054024,13,12,8,9,8.96,3.6,7.3,6.5,8.8,8.9,9.6,1
T150054025,10,11,10,7,8.14,3.4,7.1,8,8,8.4,5.1,1
T150054026,14,8,10,8,8.61,2.9,6.2,8,8,8.8,4.3,1
T150054027,10,11,13,10,6.52,4.9,7,6.7,4.2,4,4.7,0
T150054028,13,23,14,8,8.68,8.3,6.9,8.6,8,8.6,8.7,1
T150054029,9,8,10,12,6.83,4.8,7,6.4,3,4.8,5.2,0
T150054030,13,7,14,13,8.83,5.3,6.2,8.8,8,8,5.4,1
T150054031,11,7,10,14,7.05,3.1,6.6,7.3,3.4,3.8,5.3,0
T150054032,14,12,12,14,7.43,5.4,6,5.9,4.6,2.2,5.3,0
T150054033,8,7,7,11,8.88,2.6,6.5,8.7,8,8.8,8,1
T150054034,12,12,11,11,7.29,4.5,6.8,5.7,4.4,4.5,5,0
T150054035,7,13,8,7,6.98,5,6.7,5.6,2.7,1.8,5.1,0
T150054036,12,9,9,9,6.67,2.8,6.2,6.9,4.9,3.3,5.3,0
T150054037,13,12,12,12,8.32,4.7,6,8.8,8,4.8,9.8,1
T150054038,7,12,8,13,6.55,3.1,6.2,5.6,3.6,3.3,4.4,0
T150054039,8,9,13,8,7.16,4.5,6,8.3,8,4,8,1
T150054040,8,11,10,9,7.25,5.5,7.4,6.5,3,1.8,4.6,0
T150054041,12,9,11,14,7.29,3.5,5.6,6.6,3.8,3.2,4.7,0
T150054042,12,11,14,9,7.31,5.2,6.8,6.6,3.4,3.5,4.8,0
T150054043,8,12,7,10,7.25,3.3,6.3,5.6,2.8,2.3,4.5,0
T150054044,8,12,8,11,8.17,3.5,6.8,8.8,8,8.3,8.6,1
T150054045,12,14,14,10,8.95,5.5,6.4,8.7,8,8.3,8.5,1
T150054046,10,13,9,10,7.22,3.7,7.5,6.9,5.1,5,5.3,0
T150054047,8,12,9,11,6.85,4.3,6.6,6.4,2.9,4.8,4.7,0
T150054048,14,12,14,14,7.36,5.4,5.5,6.6,5.4,2.1,5,0
T150054049,14,13,9,14,7.38,5,6.9,5.6,3.9,2.1,4.5,0
T150054050,12,13,14,11,6.89,4,5.5,5.8,5,4.5,5.3,0
T150054051,13,14,11,11,8.57,4.9,5.7,6.9,8,8.4,8.7,1
T150054052,10,11,8,14,8.98,3,5.6,9,8,8.8,8,1
T150054053,8,9,9,14,8.84,4.9,6.4,8,8,8.9,8,1
T150054054,12,7,9,14,8.54,4.3,6,5.8,2.5,8,4.6,1
T150054055,12,8,11,7,6.54,3.9,7.3,6.9,4.1,3.8,4.3,0
T150054056,11,8,8,12,6.72,3.4,6,6.9,4.8,3.1,4.7,0
T150054057,13,10,12,12,7.17,3.3,5.9,7.4,3.1,4.9,8.3,1
T150054058,12,10,9,12,6.83,2.5,6.3,8.9,8,8,8,1
T150054059,12,14,10,10,7.45,2.7,6.7,6.8,4.6,3.2,4.5,0
T150054060,8,8,8,13,6.6,2.9,5.8,6.1,5.1,2,4.7,0
T150054061,13,11,12,14,8.25,8,8,8,8,8,8.3,1
T150054062,8,12,7,9,7.14,2.9,6.8,6.1,2.8,2.3,5.2,0
T150054063,9,14,10,13,7.26,3.8,5.6,7.3,3.4,4.8,4.8,0
T150054064,11,8,9,10,8.06,8.5,8,8,8,8,8.7,1
T150054065,13,7,14,12,7.26,4.6,7,6.9,2.7,2.3,5,0
T150054066,13,7,7,13,6.98,4.8,5.9,7.1,4.8,4.8,5.2,0
T150054067,11,8,14,9,7.15,4.1,7.1,5.6,5,5.1,5.2,0
T150054068,8,8,12,9,6.82,3.1,5.5,5.9,3.7,2.9,5.5,0
T150054069,11,10,10,12,7.1,2.5,5.6,7.4,3.3,5.4,4.5,0
T150054070,12,14,10,8,7.07,5,5.8,6.7,5.1,4.5,4.4,0
T150054071,9,7,12,11,7.19,3.5,6.2,6.4,3.3,3.2,4.6,0
T150054072,10,12,14,12,6.86,3.8,6.5,6.8,3.8,4.7,5.2,0
T150054073,7,10,11,14,6.58,5.2,5.9,6.9,4.8,2.8,4.4,0
T150054074,12,8,8,9,7.2,4.1,6.8,5.6,5.1,3.8,5,0
T150054075,7,9,8,9,6.95,3.5,6.9,6.5,5.2,3,4.5,0
T150054076,14,11,10,9,8.53,8.2,8,8,8,8,8.5,1
T150054077,14,8,14,12,8.74,8.1,8,8,8,8,8.5,1
T150054078,8,13,10,10,8.29,8,8,8,8,8,8.5,1
T150054079,14,10,10,9,7.06,2.7,6.6,5.6,3.1,3.1,5.1,0
T150054080,9,12,7,13,8.28,8.9,8,8,8,8,8.3,1
T150054081,13,7,12,8,6.53,3.5,5.7,5.8,5.3,2.6,4.5,0
T150054082,14,7,7,9,7.46,2.8,5.5,7,4.9,5.4,4.7,0
T150054083,10,7,10,12,7.17,4,7.4,7.3,4.1,3.1,4.7,0
T150054084,7,14,12,12,6.57,4.8,6.8,5.5,3.9,5.2,5.1,0
T150054085,7,7,14,10,7.41,4.9,7.1,5.6,4.1,4.5,4.4,0
T150054086,11,13,11,12,6.57,3,5.6,7.5,3.7,3.2,4.4,0
T150054087,11,13,14,11,8.28,3.9,6.7,6.5,7.8,7.5,8.5,0
T150054088,13,11,8,11,6.95,3.4,5.6,6.3,3.8,4,5.2,0
T150054089,7,13,7,8,6.78,4.2,6.1,5.8,3.8,2,4.7,0
T150054090,8,11,12,11,8.89,8,8,8,8,8,8,1
T150054091,17,18,17,17,8.43,8.1,8,8,8,8,8,1
T150054092,17,17,17,14,8.18,6.7,8.1,7.9,7.1,6.8,7.1,0
T150054093,20,14,20,20,7.78,5.5,8.4,7.9,7.3,6.7,7.2,0
T150054094,19,20,14,14,7.63,6.4,8.3,8.5,6.5,6.9,6,0
T150054095,14,14,18,19,7.81,7.1,8,8.1,6.9,6.4,7.1,0
T150054096,16,15,17,18,8.01,6.9,8,7.5,7.4,7.4,7.1,0
T150054097,18,20,14,15,7.92,8.3,8,8,8,8,8,1
T150054098,19,18,15,20,7.78,6.3,8.4,8.2,6.7,7.5,5.9,0
T150054099,16,19,17,20,8.4,5.6,7.7,7.9,6.9,5.8,5.5,0
T150054100,14,19,17,20,8.32,5.8,7.7,7.9,6.2,6.9,6.6,0
T150054101,19,20,14,19,7.54,6.1,7.7,8.3,7.4,5.7,5.6,0
T150054102,20,15,14,17,8.49,6.5,8.2,8,6.8,5.6,5.6,0
T150054103,15,14,20,16,8.45,8.2,8,8,8,8,8,1
T150054104,18,15,19,16,8.26,6.1,8.3,7.5,6.2,7.2,5.8,0
T150054105,14,20,15,17,7.93,5.7,8.3,7.5,5.5,6.1,7.1,0
T150054106,19,14,20,16,8.02,6.3,7.5,8.3,5.8,5.8,6.7,0
T150054107,20,20,16,20,7.75,8.2,8,8,8,8,8.2,1
T150054108,20,15,16,17,7.69,7.2,8,7.6,6.3,6.5,8,1
T150054109,14,18,14,15,8.49,5.7,8,8.1,7.5,7.4,7.4,0
T150054110,19,14,15,15,7.51,5.8,7.8,7.6,7.1,7.3,6.6,0
T150054111,18,17,20,15,7.61,6,7.8,8,6.7,5.6,7,0
T150054112,16,16,20,18,8.24,6.1,8.1,7.6,5.7,6.6,7.2,0
T150054113,15,17,17,18,8.36,6.2,8.3,8.4,7.4,7,6.6,0
T150054114,17,15,15,16,7.86,6,8.5,7.5,6.9,7,6.9,0
T150054115,16,15,20,19,7.92,5.8,7.9,8.3,6.2,6.7,5.5,0
T150054116,16,16,18,19,7.51,6.6,8.4,7.9,6,6.7,7,0
T150054117,19,17,20,15,8.21,5.9,8,7.5,6.9,6.4,6.5,1
T150054118,14,15,15,17,7.57,7.4,8.3,8.4,7.1,6.7,7.1,0
T150054119,20,15,16,14,7.54,5.9,8,7.6,6.3,7.2,7.2,0
T150054120,15,20,15,17,8.4,6.2,7.6,7.5,6,6.4,6.5,1
T150054121,16,20,15,16,7.7,5.7,7.8,8.2,7.1,7.2,7.1,0
T150054122,18,20,16,18,7.54,6.8,8.4,7.9,6.9,6.3,6.2,0
T150054123,16,17,16,14,7.83,6.9,8.4,8.4,6,5.8,6.1,0
T150054124,14,20,15,14,8.02,7,7.8,8,6.4,6.9,6.9,0
T150054125,19,16,16,19,7.89,6.2,7.9,8.1,6.1,5.9,5.8,1
T150054126,17,20,18,15,7.83,7.1,8.3,7.9,5.7,6.8,7.2,0
T150054127,20,17,19,18,8.12,5.6,8.1,7.6,6.2,6.9,5.9,0
T150054128,19,14,18,19,7.83,6.5,7.6,7.6,6.2,6.1,6.6,1
T150054129,18,18,18,14,7.99,7,8,8.2,5.7,6.8,6.3,0
T150054130,16,18,18,20,8.12,5.6,8.1,8.2,6.6,7,5.7,0
T150054131,17,18,17,14,8.16,6.1,8.4,8.2,5.7,7.4,7.5,1
T150054132,19,16,20,17,8.2,7.3,8.2,8.4,6,7.5,6.5,1
T150054133,20,15,20,15,8.81,8,8,8.2,9,9,9,1
T150054134,18,18,16,18,8.69,7.5,7.5,7.8,7.9,7.9,7.1,1
T150054135,14,18,16,16,7.99,6.5,7.6,8.3,7.5,7.1,8.5,1
T150054136,20,20,19,19,7.61,6.3,8.5,7.5,7.3,8.8,7,1
T150054137,17,19,16,19,7.81,7.3,8.4,8,6.3,6.1,6.3,0
T150054138,14,17,14,20,7.78,6,7.6,7.7,5.6,6.8,5.8,0
T150054139,20,16,16,17,8.12,5.5,7.9,7.6,6.1,6,6.6,0
T150054140,17,14,16,18,7.6,6.5,7.8,8.3,6.2,6.7,6.9,0
T150054141,17,19,19,16,7.59,6.5,8.1,8.2,6.2,5.6,5.7,1
T150054142,14,19,17,14,7.69,7.1,7.7,7.9,8.9,7.3,7.3,1
T150054143,18,17,18,14,8.04,5.9,8,7.6,6.9,7.3,6.9,1
T150054144,18,20,17,15,8.16,6.8,7.6,8,7.5,4.4,4.9,0
T150054145,20,17,18,16,7.71,7.2,8,7.5,7.3,6.1,6.1,0
T150054146,15,14,18,17,8.04,7.3,8.4,8.4,7.3,6.8,6.6,0
T150054147,18,18,18,18,8.43,7.5,7.6,7.9,6.7,8.6,8,1
T150054148,14,15,17,20,8.24,6.5,8.2,8.3,6.9,7.3,8,1
T150054149,15,20,19,17,7.9,7.3,8.5,8.4,7.1,5.6,5.8,1
T150054150,17,20,14,17,8.34,5.5,8.3,7.7,6.4,6.8,5.7,0
T150054151,14,20,17,16,8.47,5.7,8.3,7.6,5.5,6.5,8.8,1
T150054152,20,16,18,16,8.41,5.7,7.7,7.6,6.4,7,7.3,0
T150054153,15,16,14,17,7.68,7.4,8.2,8,6.9,6.8,5.9,1
T150054154,14,15,15,18,8.32,5.6,7.7,8.3,5.6,6.1,6.9,0
T150054155,14,20,18,15,8.04,7,7.7,8.4,6,6.8,5.7,0
T150054156,16,20,18,17,7.82,6.6,7.7,8.2,8.3,8.3,8,1
T150054157,18,14,16,18,8.37,6,7.8,8,6.3,6.4,5.7,0
T150054158,18,18,14,20,8.03,7.1,8.5,7.5,7.5,6.2,6.9,0
T150054159,16,20,14,19,8.25,7.1,7.8,7.5,7.1,7.2,5.7,0
T150054160,16,19,17,17,8.17,7.2,7.9,8,7.4,5.6,9.1,1
T150054161,16,15,17,16,8.41,6.8,8.5,7.9,5.6,7.4,6.9,0
T150054162,17,19,15,16,8.34,6.9,8,8.4,7.3,6.1,6.5,1
T150054163,14,20,14,18,8.43,6.9,8,7.7,6.2,6,7,0
T150054164,15,14,18,18,7.7,6.2,8.2,8.4,5.8,7.4,8.3,1
T150054165,16,14,15,19,7.94,6.7,8,7.6,7.4,6.7,5.6,1
T150054166,20,19,15,15,7.58,6.1,8.2,7.8,6.5,5.6,6.1,0
T150054167,17,17,20,17,8.13,7.1,8.1,7.8,6.2,6.4,7.3,0
T150054168,19,17,17,19,7.56,6.9,8.3,8.5,5.8,5.7,8.1,1
T150054169,17,14,16,17,7.59,5.5,8.1,7.9,5.9,6.1,5.9,1
T150054170,16,20,14,14,8.29,6.5,7.6,7.5,7.2,6.5,5.6,1
T150054171,17,14,20,20,8.2,5.9,7.9,7.5,5.5,6.7,7.1,0
T150054172,18,20,17,14,8.34,5.6,8,8.4,5.9,6.4,8.3,1
T150054173,20,14,19,14,7.83,6,8.2,8,5.8,6.6,7,0
T150054174,14,18,20,17,7.78,7.3,7.8,7.9,7.1,6.9,6.3,0
T150054175,16,18,16,19,7.78,7.1,8.5,8.4,5.7,5.6,8.2,1
T150054176,18,19,18,15,8.26,7.2,8.4,8.3,6.8,7.1,6.3,0
T150054177,16,20,19,15,8.49,7.2,8.5,8.5,6.2,6.2,7,0
T150054178,17,15,19,16,8,7.1,8,7.8,5.6,6.9,6.6,0
T150054179,20,17,15,20,7.54,5.7,8.1,8.5,6.8,7.4,6.3,1
T150054180,18,17,19,14,7.56,6.1,8.1,8,7.1,5.9,5.7,0
T150054181,20,15,20,18,8.05,6.9,8.4,8.3,6.9,7.4,6.6,1
T150054182,16,18,20,20,8.35,6.2,8.2,7.9,6.9,5.6,7.2,1
T150054183,14,15,18,17,7.58,7.2,7.6,8.4,6.1,5.7,5.5,0
T150054184,14,17,19,15,7.9,5.8,8.5,8.3,6.6,7.2,6.4,1
T150054185,18,19,18,19,7.61,5.7,8,7.8,6.9,6.6,7.2,0
T150054186,20,18,20,14,8.32,7.5,7.9,8.3,6.9,7.5,6.1,0
T150054187,17,15,20,16,7.73,7.4,7.8,8.5,7.3,7.2,6.4,1
T150054188,20,20,17,18,8.35,7.4,7.9,7.6,6.8,6.2,6.4,1
T150054189,14,15,14,17,8.39,7.4,8.4,7.9,5.7,7.4,6.4,1
T150054190,15,16,18,17,8.44,7.2,7.6,8,5.9,7.1,7,0
T150054191,15,15,20,20,8.34,7,7.5,7.7,7.2,7.2,6.9,0
T150054192,14,18,19,17,8.4,5.9,8.3,8.3,5.8,6.3,8.4,1
T150054193,19,14,19,15,8.35,7.2,7.6,8,7,5.8,6.2,1
T150054194,14,17,14,16,8.39,6.3,7.7,7.6,7.3,6.2,5.7,0
T150054195,20,18,18,15,7.54,8.3,8,7.8,5.5,6.4,7,1
T150054196,19,19,14,20,8.11,7.4,8,7.7,7.1,6.9,6.3,0
T150054197,17,14,19,16,7.75,6.7,8,8.2,5.5,7.1,6.4,1
T150054198,18,19,15,16,8.04,6.6,8.3,8,6,5.9,7.1,0
T150054199,18,17,14,19,7.61,8.8,8.4,7.9,7.3,7.3,5.5,1
T150054200,17,14,16,14,8.18,6.3,8.4,7.8,5.7,5.6,7.5,1
T150054201,14,14,14,20,7.5,5.9,8.3,7.8,5.5,6.2,6.9,0
T150054202,17,15,20,19,7.92,7.2,8.4,8.1,6.7,6,6.3,0
T150054203,19,17,16,19,7.57,5.7,8.2,7.5,5.5,6.3,7,0
T150054204,16,14,16,19,8.25,6,8.5,7.6,7.3,5.5,5.8,0
T150054205,14,14,17,16,7.59,8.1,8.2,8.1,7.3,6.8,5.7,1
T150054206,18,20,15,17,8.19,8.1,8.2,7.6,6.7,6.2,5.9,1
T150054207,15,17,20,15,8.03,7.2,8.4,7.9,7.3,7,6.5,1
T150054208,16,18,17,16,8.36,6.3,8.4,7.9,7.5,5.7,6.4,0
T150054209,19,20,14,14,8.26,6.7,8.2,8,7.3,6.9,7.5,1
T150054210,17,15,14,17,7.52,7.1,8.3,7.6,7.1,5.8,6.8,1
T150054211,17,15,16,19,7.85,6.6,7.9,8.2,7.3,7,7.3,0
T150054212,17,16,18,19,8.27,7.1,7.9,7.8,7.4,5.8,6.6,1
T150054213,15,20,15,15,8.16,6.7,7.8,8.4,5.8,6.3,5.8,0
T150054214,19,19,14,19,8.41,6.3,7.7,7.8,6.9,6.5,6.3,1
T150054215,14,16,18,15,7.81,6.8,8.1,7.9,7.3,5.9,6.3,0
T150054216,17,15,14,15,7.85,6.5,7.6,8.4,7.4,6.9,7.3,0
T150054217,14,20,15,16,8.22,7.5,8.2,8.4,6.1,5.5,6.9,0
T150054218,14,14,14,20,8.04,7.1,8.1,7.9,5.7,6.2,6.3,0
T150054219,14,20,15,19,8.19,6.7,7.7,8.3,5.8,6.1,7.1,0
T150054220,20,14,17,15,8.32,9.3,8.2,8.2,7.4,5.6,6.1,1
T150054221,19,18,18,14,7.52,9.4,8.4,8.5,5.9,6.5,6.3,1
T150054222,18,15,14,20,7.67,7.3,8,7.8,5.9,7.1,6.9,0
T150054223,14,14,16,19,7.64,5.8,7.9,7.9,7.4,7.1,7.1,0
T150054224,20,18,17,14,7.76,6.5,8.2,8.3,7.2,6.3,7.3,0
T150054225,18,14,15,18,7.56,6.8,8.3,7.5,7,7.2,5.9,1
T150054226,20,15,17,15,8.01,6.9,8.3,7.7,6.5,5.9,6.5,1
T150054227,15,20,20,15,7.78,7.2,7.9,7.7,6.4,6.2,6.8,0
T150054228,14,16,18,14,7.78,5.6,7.7,8.2,5.7,6,5.8,1
T150054229,14,14,17,17,8.15,6.9,7.6,8,6.6,6.9,7.4,1
T150054230,19,17,17,14,7.54,7.3,7.7,7.8,6.7,6.9,6.2,0
T150054231,19,17,18,19,7.78,7.4,8.4,8.1,7,6.9,7.1,1
T150054232,14,19,19,19,8.26,8.8,8.4,8.3,6.5,6.5,6.3,1
T150054233,20,18,14,17,7.93,7.1,7.6,7.6,6.8,6.5,7.2,1
T150054234,14,16,14,16,7.93,9,8.1,8.5,5.8,5.6,5.6,1
T150054235,16,17,15,17,7.75,6.2,7.6,7.5,7.4,7.1,6.8,0
T150054236,16,18,16,15,7.82,6.7,8.2,7.8,6.7,5.5,6.4,1
T150054237,18,14,20,15,7.54,5.5,8.2,7.8,5.5,6,6.8,1
T150054238,17,16,20,20,7.97,6.7,7.8,7.6,6.4,5.6,6.8,0
T150054239,18,18,19,18,7.8,6.7,7.6,7.8,6.1,5.7,7.2,0
T150054240,16,20,15,15,7.75,7,7.6,8.1,6.2,7.1,5.9,0
T150054241,14,20,14,18,8.38,7.3,7.8,8.1,6.5,5.9,5.5,1
T150054242,16,19,14,17,8.32,6.3,7.7,8.4,6.5,7.4,7.4,0
T150054243,14,16,18,17,7.59,7.3,8.2,7.8,5.9,6.3,6.2,0
T150054244,17,20,19,14,7.78,6.9,7.7,7.8,6.7,7.2,7.2,0
T150054245,15,19,19,19,8.1,6.8,7.9,8,5.6,6.9,6.6,0
T150054246,20,18,19,14,7.67,6.3,8.1,8,6.6,7,7.3,1
T150054247,18,14,15,16,7.66,6.4,8.3,8,6.6,6.4,6.1,0
T150054248,17,15,18,15,7.66,6.2,8.4,7.5,7.4,5.5,5.5,0
T150054249,16,15,14,15,7.66,5.7,8.1,8,5.9,5.7,6.9,1
T150054250,19,18,20,18,7.54,6.2,8.3,7.7,7.4,6.7,6.8,1
T150054251,14,20,16,20,8.18,6.8,7.5,8,5.8,5.9,5.7,1
T150054252,15,19,19,17,8.04,6.1,7.7,7.6,6.9,5.9,5.8,0
T150054253,14,20,16,20,8.41,6.3,7.7,7.9,7.3,7.1,6.2,1
T150054254,17,18,18,16,7.64,6.4,8.1,7.5,7.4,6.4,7.4,0
T150054255,15,16,14,17,8.12,5.7,7.8,8.3,6.9,6.4,6.6,0
T150054256,15,17,14,16,8.04,5.8,7.6,7.5,5.7,5.8,5.6,0
T150054257,17,20,15,19,7.85,7,8.2,7.7,6.1,6,7.3,0
T150054258,18,18,15,20,8.16,6.6,7.8,7.9,6.6,7.3,5.7,0
T150054259,17,15,17,16,7.9,6.8,7.9,8.4,5.6,6.7,7.1,1
T150054260,14,20,17,19,8.2,7.3,8.1,7.6,6.2,5.5,6.3,0
T150054261,15,20,17,14,7.75,6.7,7.9,7.9,7.4,6.9,7.3,0
T150054262,20,14,17,16,7.98,5.7,7.8,7.8,6.3,5.7,6.4,0
T150054263,15,19,18,20,8.19,5.9,8,8.1,5.5,6,6.9,1
T150054264,14,17,18,17,8.35,7.3,7.6,8.1,7,6.8,6.5,0
T150054265,15,16,19,14,8.29,7.2,7.8,8,6.2,5.6,7.3,0
T150054266,15,16,15,14,8.5,5.8,8,7.5,6.8,6.3,6.4,0
T150054267,15,14,18,14,7.94,5.6,8.3,8.1,7.3,7.1,6.8,0
T150054268,17,15,16,20,8.41,6.6,8.2,7.7,6.9,6,6,0
T150054269,16,18,20,15,7.53,7,8,8.3,6.5,6.4,7.2,0
T150054270,18,20,15,19,7.87,6,8.3,7.6,7.3,7.3,6.8,1
T150054271,17,19,18,17,8.24,6.6,7.7,8.4,5.5,7,6.6,0
T150054272,18,16,19,20,8.29,6.7,7.7,8.5,5.9,7.2,6,0
T150054273,14,16,15,17,7.6,5.9,7.5,7.7,6.6,6.9,6.4,1
T150054274,14,14,18,18,8.31,6,8.4,8.1,5.7,5.9,6.7,1
T150054275,20,20,17,17,8.47,6.3,8.5,8.2,7.4,5.8,7.1,0
T150054276,15,14,20,20,8.34,5.9,7.9,8.3,6.7,5.9,5.8,0
T150054277,15,17,14,17,7.9,6.1,8.1,8,6.5,6.3,6.6,0
T150054278,16,18,20,17,8.02,7.4,8.3,8.4,5.9,7.1,7.3,1
T150054279,16,16,15,16,8.12,6,7.5,8,6.1,6.4,6.4,0
T150054280,19,18,19,16,7.59,6.7,7.9,7.8,6.7,6.2,6.5,0
T150054281,14,19,17,16,8.29,7.4,8,7.6,5.7,7,5.8,1
T150054282,14,19,16,19,7.81,7.1,8.4,7.9,6.7,5.5,6,0
T150054283,18,16,20,18,7.85,5.9,7.7,7.8,7.2,6.1,6.6,1
T150054284,18,15,17,14,7.97,6.9,8.5,7.5,7.4,5.8,6.3,1
T150054285,19,19,20,18,8.29,6.3,8.2,8.4,7.1,5.6,7.1,0
T150054286,16,14,14,19,8.35,6.7,8.3,8,5.5,5.9,7.2,0
T150054287,18,16,14,17,8.05,6,7.5,8.4,5.9,6.9,5.9,1
T150054288,16,17,16,19,7.96,6.2,7.8,8.4,7.1,7.2,6.3,1
T150054289,18,18,19,14,8.29,7.5,7.7,8.4,5.9,6.1,7.4,0
T150054290,17,14,17,19,8.11,7,8.1,7.6,6.9,6.2,7.4,1
T150054291,24,25,23,21,8.62,7.8,9,8.8,7.9,8.1,7.8,1
T150054292,23,25,21,21,8.92,9.1,9.3,9.2,8.6,8.5,8.1,0
T150054293,23,24,24,22,8.54,8.1,8.6,9.1,8.8,8.1,7.9,0
T150054294,24,24,22,25,8.75,8.7,8.8,8.8,8,9.3,8.6,0
T150054295,21,23,21,25,8.95,8,8.7,9,8.3,8.7,9.2,0
T150054296,24,21,22,25,8.77,8.1,9.4,9.2,8.1,9.4,8.7,1
T150054297,22,21,25,23,9.3,8.9,8.5,8.7,7.7,9.2,7.7,0
T150054298,24,25,25,21,9.14,7.8,9.4,9.1,8.8,8.3,8.3,1
T150054299,24,24,21,23,8.67,8.2,8.8,9.4,8.7,9.5,8.8,0
T150054300,24,21,22,21,8.95,8.9,8.7,9.4,9,9.2,9.4,0
T150054301,24,23,22,22,8.59,8.6,9.4,9,9.3,8.9,9.4,1
T150054302,25,21,21,22,8.79,9.1,8.7,8.6,7.7,7.6,7.7,0
T150054303,25,21,22,22,8.9,8.4,8.5,9.4,9.4,7.9,8.1,1
T150054304,21,24,21,24,9.26,9.3,9.4,8.7,7.6,8.3,9.1,1
T150054305,22,24,22,22,8.89,8.6,9.4,9.4,8.6,8.7,7.9,1
T150054306,23,22,25,21,8.89,7.6,8.7,9,8.9,9.3,8,0
T150054307,24,25,24,21,8.8,7.5,8.6,9.3,9.1,8.7,8,0
T150054308,25,23,22,24,9.23,8,8.7,8.9,7.6,9.3,9.3,1
T150054309,21,24,23,22,9.12,8.3,8.6,9.4,7.5,8.7,8.9,0
T150054310,22,22,25,22,8.97,9,8.7,8.5,7.7,8.4,7.9,0
T150054311,21,24,25,25,9.19,8.8,9.5,8.8,8.6,8.3,9.1,1
T150054312,22,22,22,21,9.45,9,8.5,9.2,8.4,9.4,8,0
T150054313,21,25,21,22,8.97,9,8.7,8.8,9.4,8.4,8.3,1
T150054314,21,22,21,22,9.37,7.6,9.2,9.2,9.2,9.1,9.2,1
T150054315,21,23,25,22,8.85,7.6,9.4,9.2,8.4,9,8.7,0
T150054316,22,22,24,24,8.78,8.4,9.3,9.4,7.7,9.2,9.3,0
T150054317,24,23,25,25,8.97,9,9,8.9,9.2,9.5,7.9,0
T150054318,22,21,25,23,8.97,8.7,8.8,8.5,8.8,8,8,1
T150054319,25,21,23,23,8.51,7.9,9.3,9.3,8.4,8.6,9,0
T150054320,23,21,21,24,8.78,8.1,8.6,9.5,8.2,8.7,9,0
T150054321,25,21,24,21,8.92,7.5,8.9,9.2,7.8,7.9,8,1
T150054322,24,22,23,24,9.16,8.2,8.8,9.2,8.5,7.5,9,0
T150054323,24,24,24,24,9.34,7.5,9,8.9,8.5,8.7,8.4,0
T150054324,21,23,23,21,8.79,7.7,8.8,9.4,9.2,7.5,8.7,0
T150054325,25,25,23,22,9.19,7.9,8.7,8.8,7.7,7.6,8.4,0
T150054326,22,25,24,23,9.35,8.4,9.4,8.8,8.9,9.1,8.4,0
T150054327,25,23,21,22,8.51,8.7,8.8,9.4,8,7.6,8,0
T150054328,21,23,24,25,8.82,7.8,9.3,9,8.6,8.1,8.7,0
T150054329,22,25,24,21,8.59,7.9,9.4,9.1,9,8.3,8.8,1
T150054330,21,21,23,22,8.5,7.9,9.2,9.3,8.9,7.7,8.1,1
T150054331,22,24,21,22,8.32,8,9.5,9.1,8.4,7.9,8.7,1
T150054332,14,13,9,14,7.38,5,6.9,5.6,3.9,2.1,4.5,0
T150054333,12,13,14,11,6.89,4,5.5,5.8,5,4.5,5.3,0
T150054334,13,14,11,11,8.57,4.9,5.7,6.9,8,8.4,8.7,1
T150054335,10,11,8,14,8.98,7,5.6,9,8,8.8,8,1
T150054336,8,9,9,14,8.84,7,7.4,8,8,8.9,8,1
T150054337,12,7,9,14,6.54,4.3,6,5.8,2.5,8,4.6,0
T150054338,12,8,11,7,6.54,3.9,7.3,6.9,4.1,3.8,4.3,0
T150054339,11,8,8,12,6.72,3.4,6,6.9,4.8,3.1,4.7,0
T150054340,13,10,12,12,7.17,3.3,5.9,7.4,3.1,4.9,8.3,0
T150054341,12,10,9,12,6.83,2.5,6.3,8.9,8,8,7,0
T150054342,12,14,10,10,7.45,2.7,6.7,6.8,4.6,3.2,4.5,0
T150054343,8,8,8,13,6.6,2.9,5.8,6.1,5.1,2,4.7,0
T150054344,13,11,12,14,8.25,8,8,8,8,8,8.3,1
T150054345,8,12,7,9,7.14,2.9,6.8,6.1,2.8,2.3,5.2,0
T150054346,9,14,10,13,7.26,3.8,5.6,7.3,3.4,4.8,4.8,0
T150054347,11,8,9,10,8.06,8.5,8,8,8,8,8.7,1
T150054348,13,7,14,12,7.26,4.6,7,6.9,2.7,2.3,5,0
T150054349,13,7,7,13,6.98,4.8,5.9,7.1,4.8,4.8,5.2,0
T150054350,11,8,14,9,7.15,4.1,7.1,5.6,5,5.1,5.2,0
T150054351,8,8,12,9,6.82,3.1,5.5,5.9,3.7,2.9,5.5,0
T150054352,11,10,10,12,7.1,2.5,5.6,7.4,3.3,5.4,4.5,0
T150054353,12,14,10,8,7.07,5,5.8,6.7,5.1,4.5,4.4,0
T150054354,9,7,12,11,7.19,3.5,6.2,6.4,3.3,3.2,4.6,0
T150054355,10,12,14,12,6.86,3.8,6.5,6.8,3.8,4.7,5.2,0
T150054356,7,10,11,14,6.58,5.2,5.9,6.9,4.8,2.8,4.4,0
T150054357,12,8,8,9,7.2,4.1,6.8,5.6,5.1,3.8,5,0
T150054358,7,9,8,9,6.95,3.5,6.9,6.5,5.2,3,4.5,0
T150054359,14,11,10,9,8.53,8.2,8,8,8,8,8.5,1
T150054360,14,8,14,12,8.74,8.1,8,8,8,8,8.5,1
T150054361,8,13,10,10,8.29,8,8,8,8,8,8.5,1
T150054362,14,10,10,9,7.06,2.7,6.6,5.6,3.1,3.1,5.1,0
T150054363,9,12,7,13,8.28,8.9,8,8,8,8,8.3,1
T150054364,13,7,12,8,6.53,3.5,5.7,5.8,5.3,2.6,4.5,0
T150054364,14,7,7,9,7.46,2.8,5.5,7,4.9,5.4,4.7,0
T150054365,10,7,10,12,7.17,4,7.4,7.3,4.1,3.1,4.7,0
T150054366,7,14,12,12,6.57,4.8,6.8,5.5,3.9,5.2,5.1,0
T150054367,7,7,14,10,7.41,4.9,7.1,5.6,4.1,4.5,4.4,0
T150054368,11,13,11,12,6.57,3,5.6,7.5,3.7,3.2,4.4,0
T150054369,11,13,14,11,8.28,3.9,6.7,6.5,7.8,7.5,8.5,0
T150054370,13,11,8,11,6.95,3.4,5.6,6.3,3.8,4,5.2,0
T150054371,7,13,7,8,6.78,4.2,6.1,5.8,3.8,2,4.7,0
T150054372,8,11,12,11,8.89,8,8,8,8,8,8,1
T150054373,17,18,17,17,8.43,8.1,8,8,8,8,8,1
T150054374,17,17,17,14,8.18,6.7,8.1,7.9,7.1,6.8,7.1,0
T150054375,20,14,20,20,7.78,5.5,8.4,7.9,7.3,6.7,7.2,0
T150054376,19,20,14,14,7.63,6.4,8.3,8.5,6.5,6.9,6,0
T150054377,14,14,18,19,7.81,7.1,8,8.1,6.9,6.4,7.1,0
T150054378,16,15,17,18,8.01,6.9,8,7.5,7.4,7.4,7.1,0
T150054379,18,20,14,15,7.92,7,5,6,5,6,6,0
T150054380,19,18,15,20,7.78,6.3,8.4,8.2,6.7,7.5,5.9,1
T150054381,16,19,17,20,8.4,5.6,7.7,7.9,6.9,5.8,5.5,0
T150054382,14,19,17,20,8.32,5.8,7.7,7.9,6.2,6.9,6.6,0
T150054383,19,20,14,19,7.54,6.1,7.7,8.3,7.4,5.7,5.6,0
T150054384,20,15,14,17,8.49,6.5,8.2,8,6.8,5.6,5.6,1
T150054385,15,14,20,16,8.45,8.2,8,8,8,8,8,1
T150054386,18,15,19,16,8.26,6.1,8.3,7.5,6.2,7.2,5.8,0
T150054387,14,20,15,17,7.93,5.7,8.3,7.5,5.5,6.1,7.1,0
T150054388,19,14,20,16,8.02,6.3,7.5,8.3,5.8,5.8,6.7,0
T150054389,20,20,16,20,7.75,8.2,7,6,8,5,7,0
T150054390,20,15,16,17,7.69,7.2,5,6.6,6.3,6.5,8,0
T150054391,14,18,14,15,8.49,5.7,8,8.1,7.5,7.4,7.4,0
T150054392,19,14,15,15,7.51,5.8,7.8,7.6,7.1,7.3,6.6,0
T150054393,18,17,20,15,7.61,6,7.8,8,6.7,5.6,7,0
T150054394,16,16,20,18,8.24,6.1,8.1,7.6,5.7,6.6,7.2,0
T150054395,15,17,17,18,8.36,6.2,8.3,8.4,7.4,7,6.6,0
T150054396,17,15,15,16,7.86,6,8.5,7.5,6.9,7,6.9,0
T150054397,16,15,20,19,7.92,5.8,7.9,8.3,6.2,6.7,5.5,0
T150054398,16,16,18,19,7.51,6.6,8.4,7.9,6,6.7,7,0
T150054399,19,17,20,15,8.21,5.9,8,7.5,6.9,6.4,6.5,0
T150054400,14,15,15,17,7.57,7.4,8.3,8.4,7.1,6.7,7.1,0
T150054401,20,15,16,14,7.54,5.9,8,7.6,6.3,7.2,7.2,0
T150054402,15,20,15,17,8.4,6.2,7.6,7.5,6,6.4,6.5,0
T150054403,16,20,15,16,7.7,5.7,7.8,8.2,7.1,7.2,7.1,0
T150054404,18,20,16,18,7.54,6.8,8.4,7.9,6.9,6.3,6.2,0
T150054405,16,17,16,14,7.83,6.9,8.4,8.4,8,5.8,6.1,1
T150054406,14,20,15,14,8.02,7,7.8,8,6.4,6.9,6.9,0
T150054407,19,16,16,19,7.89,6.2,7.9,8.1,6.1,5.9,5.8,1
T150054408,17,20,18,15,7.83,7.1,8.3,7.9,5.7,6.8,7.2,0
T150054409,20,17,19,18,8.12,7.6,8.1,7.6,6.2,6.9,6.9,1
T150054410,19,14,18,19,7.83,6.5,7.6,7.6,6.2,6.1,6.6,1
T150054411,18,18,18,14,7.99,7,8,8.2,5.7,6.8,6.3,0
T150054412,16,18,18,20,8.12,5.6,8.1,8.2,6.6,7,5.7,1
T150054413,17,18,17,14,8.16,6.1,8.4,8.2,5.7,7.4,7.5,1
T150054414,19,16,20,17,8.2,7.3,8.2,8.4,6,7.5,6.5,1
T150054415,20,15,20,15,8.81,8,8,8.2,9,9,9,1
T150054416,18,18,16,18,8.69,7.5,7.5,7.8,7.9,7.9,7.1,1
T150054417,14,18,16,16,7.99,6.5,7.6,8.3,7.5,7.1,8.5,0
T150054418,20,20,19,19,7.61,6.3,6.5,7.5,7.3,6.8,7,0
T150054419,17,19,16,19,7.81,7.3,8.4,8,6.3,6.1,6.3,0
T150054420,14,17,14,20,7.78,6,7.6,7.7,5.6,6.8,5.8,0
T150054421,20,16,16,17,8.12,5.5,7.9,7.6,6.1,6,6.6,1
T150054422,17,14,16,18,7.6,6.5,7.8,8.3,6.2,6.7,6.9,0
T150054423,17,19,19,16,7.59,6.5,8.1,6.2,6.2,5.6,5.7,0
T150054424,14,19,17,14,7.69,7.1,7.7,7.9,8.9,7.3,7.3,1
T150054425,18,17,18,14,8.04,8.9,8,7.6,8.5,7.3,7.8,1
T150054426,18,20,17,15,8.16,6.8,7.6,8,7.5,4.4,4.9,0
T150054427,20,17,18,16,7.71,7.2,8,7.5,7.3,6.1,6.1,0
T150054428,15,14,18,17,8.04,7.3,8.4,8.4,7.3,6.8,6.6,0
T150054429,18,18,18,18,8.43,7.5,7.6,7.9,6.7,8.6,8,1
T150054430,14,15,17,20,8.24,6.5,8.2,8.3,6.9,7.3,8,1
T150054431,15,20,19,17,7.9,7.3,8.5,8.4,7.1,5.6,5.8,0
T150054432,17,20,14,17,8.34,5.5,8.3,7.7,6.4,6.8,5.7,0
T150054433,14,20,17,16,8.47,5.7,8.3,7.6,5.5,6.5,8.8,0
T150054434,20,16,18,16,8.41,5.7,7.7,7.6,6.4,7,7.3,0
T150054435,15,16,14,17,7.68,7.4,8.2,8,6.9,6.8,5.9,0
T150054436,14,15,15,18,8.32,5.6,7.7,8.3,5.6,6.1,6.9,0
T150054437,14,20,18,15,8.04,7,7.7,8.4,6,6.8,5.7,0
T150054438,16,20,18,17,7.82,6.6,7.7,8.2,8.3,8.3,8,1
T150054439,18,14,16,18,8.37,6,7.8,8,6.3,6.4,5.7,0
T150054440,18,18,14,20,7.03,6.1,6.5,6.5,6.5,6.2,6.9,0
T150054441,16,20,14,19,8.25,7.1,7.8,7.5,7.1,7.2,5.7,0
T150054442,16,19,17,17,8.17,7.2,7.9,8,7.4,5.6,9.1,1
T150054443,16,15,17,16,6.41,6.8,8.5,7.9,5.6,7.4,6.9,0
T150054444,17,19,15,16,8.34,6.9,8,6.4,7.3,6.1,6.5,0
T150054445,14,20,14,18,8.43,6.9,8,7.7,6.2,6,7,0
T150054446,15,14,18,18,7.7,6.2,8.2,8.4,5.8,7.4,8.3,1
T150054447,14,20,14,18,8.43,6.9,8,7.7,6.2,6,7,0
T150054448,15,14,18,18,7.7,6.2,8.2,8.4,5.8,7.4,8.3,1
T150054449,16,14,15,19,7.94,6.7,8,7.6,7.4,6.7,5.6,1
T150054450,20,19,15,15,7.58,6.1,8.2,7.8,6.5,5.6,6.1,0
T150054451,17,17,20,17,8.13,7.1,8.1,7.8,6.2,6.4,7.3,0
T150054452,19,17,17,19,7.56,6.9,8.3,8.5,5.8,5.7,8.1,1
T150054453,17,14,16,17,7.59,5.5,8.1,7.9,5.9,6.1,5.9,1
T150054454,16,20,14,14,8.29,6.5,7.6,7.5,7.2,6.5,5.6,1
T150054455,17,14,20,20,8.2,5.9,7.9,7.5,5.5,6.7,7.1,0
T150054456,18,20,17,14,8.34,5.6,8,8.4,5.9,6.4,8.3,1
T150054457,20,14,19,14,7.83,6,8.2,8,5.8,6.6,7,0
T150054458,14,18,20,17,7.78,7.3,7.8,7.9,7.1,6.9,6.3,0
T150054459,16,18,16,19,7.78,7.1,8.5,8.4,5.7,5.6,8.2,1
T150054460,18,19,18,15,8.26,7.2,8.4,8.3,6.8,7.1,6.3,0
T150054461,16,20,19,15,8.49,7.2,8.5,8.5,6.2,6.2,7,0
T150054462,17,15,19,16,8,7.1,8,7.8,5.6,6.9,6.6,0
T150054463,20,17,15,20,7.54,5.7,8.1,8.5,6.8,7.4,6.3,1
T150054464,18,17,19,14,7.56,6.1,8.1,8,7.1,5.9,5.7,0
T150054465,20,15,20,18,8.05,6.9,8.4,8.3,6.9,7.4,6.6,1
T150054466,16,18,20,20,8.35,6.2,8.2,7.9,6.9,5.6,7.2,1
T150054467,14,15,18,17,7.58,7.2,7.6,8.4,6.1,5.7,5.5,0
T150054468,14,17,19,15,7.9,5.8,8.5,8.3,6.6,7.2,6.4,1
T150054469,18,19,18,19,7.61,5.7,8,7.8,6.9,6.6,7.2,0
T150054470,20,18,20,14,8.32,7.5,7.9,8.3,6.9,7.5,6.1,0
T150054471,17,15,20,16,7.73,7.4,7.8,8.5,7.3,7.2,6.4,1
T150054472,20,20,17,18,8.35,7.4,7.9,7.6,6.8,6.2,6.4,1
T150054473,14,15,14,17,8.39,7.4,8.4,7.9,5.7,7.4,6.4,1
T150054474,15,16,18,17,8.44,7.2,7.6,8,5.9,7.1,7,0
T150054475,15,15,20,20,8.34,7,7.5,7.7,7.2,7.2,6.9,0
T150054476,12,10,9,12,6.83,2.5,6.3,8.9,8,8,8,1
T150054477,12,14,10,10,7.45,2.7,6.7,6.8,4.6,3.2,4.5,0
T150054478,8,8,8,13,6.6,2.9,5.8,6.1,5.1,2,4.7,0
T150054479,13,11,12,14,8.25,8,8,8,8,8,8.3,1
T150054480,8,12,7,9,7.14,2.9,6.8,6.1,2.8,2.3,5.2,0
T150054481,9,14,10,13,7.26,3.8,5.6,7.3,3.4,4.8,4.8,0
T150054482,11,8,9,10,8.06,8.5,8,8,8,8,8.7,1
T150054483,13,7,14,12,7.26,4.6,7,6.9,2.7,2.3,5,0
T150054484,13,7,7,13,6.98,4.8,5.9,7.1,4.8,4.8,5.2,0
T150054485,11,8,14,9,7.15,4.1,7.1,5.6,5,5.1,5.2,0
T150054486,8,8,12,9,6.82,3.1,5.5,5.9,3.7,2.9,5.5,0
T150054487,11,10,10,12,7.1,2.5,5.6,7.4,3.3,5.4,4.5,0
T150054488,12,14,10,8,7.07,5,5.8,6.7,5.1,4.5,4.4,0
T150054489,9,7,12,11,7.19,3.5,6.2,6.4,3.3,3.2,4.6,0
T150054490,10,12,14,12,6.86,3.8,6.5,6.8,3.8,4.7,5.2,0
T150054491,7,10,11,14,6.58,5.2,5.9,6.9,4.8,2.8,4.4,0
T150054492,12,8,8,9,7.2,4.1,6.8,5.6,5.1,3.8,5,0
T150054493,7,9,8,9,6.95,3.5,6.9,6.5,5.2,3,4.5,0
T150054494,14,11,10,9,8.53,8.2,8,8,8,8,8.5,1
T150054495,14,8,14,12,8.74,8.1,8,8,8,8,8.5,1
T150054496,8,13,10,10,8.29,8,8,8,8,8,8.5,1
T150054497,14,10,10,9,7.06,2.7,6.6,5.6,3.1,3.1,5.1,0
T150054498,9,12,7,13,8.28,8.9,8,8,8,8,8.3,1
T150054499,13,7,12,8,6.53,3.5,5.7,5.8,5.3,2.6,4.5,0
T150054500,14,7,7,9,7.46,2.8,5.5,7,4.9,5.4,4.7,0
T150054501,10,7,10,12,7.17,4,7.4,7.3,4.1,3.1,4.7,0
T150054502,7,14,12,12,6.57,4.8,6.8,5.5,3.9,5.2,5.1,0
T150054503,7,7,14,10,7.41,4.9,7.1,5.6,4.1,4.5,4.4,0
T150054504,11,13,11,12,6.57,3,5.6,7.5,3.7,3.2,4.4,0
T150054505,11,13,14,11,8.28,3.9,6.7,6.5,7.8,7.5,8.5,0
T150054506,13,11,8,11,6.95,3.4,5.6,6.3,3.8,4,5.2,0
T150054507,7,13,7,8,6.78,4.2,6.1,5.8,3.8,2,4.7,0
T150054508,8,11,12,11,8.89,8,8,8,8,8,8,1
T150054509,17,18,17,17,8.43,8.1,8,8,8,8,8,1
T150054510,17,17,17,14,8.18,6.7,8.1,7.9,7.1,6.8,7.1,0
T150054511,20,14,20,20,7.78,5.5,8.4,7.9,7.3,6.7,7.2,0
T150054512,19,20,14,14,7.63,6.4,8.3,8.5,6.5,6.9,6,0
T150054513,14,14,18,19,7.81,7.1,8,8.1,6.9,6.4,7.1,0
T150054514,16,15,17,18,8.01,6.9,8,7.5,7.4,7.4,7.1,0
T150054515,18,20,14,15,7.92,8.3,8,8,8,8,8,1
T150054516,19,18,15,20,7.78,6.3,8.4,8.2,6.7,7.5,5.9,0
T150054517,7,12,8,13,6.55,3.1,6.2,5.6,3.6,3.3,4.4,0
T150054518,8,9,13,8,7.16,4.5,6,8.3,8,4,8,0
T150054519,8,11,10,9,7.25,5.5,7.4,6.5,3,1.8,4.6,0
T150054520,12,9,11,14,7.29,3.5,5.6,6.6,3.8,3.2,4.7,0
T150054521,12,11,14,9,7.31,5.2,6.8,6.6,3.4,3.5,4.8,0
T150054522,8,12,7,10,7.25,3.3,6.3,5.6,2.8,2.3,4.5,0
T150054523,8,12,8,11,8.17,7,6.8,8.8,8,8.3,8.6,1
T150054524,12,14,14,10,8.95,5.5,6.4,8.7,8,8.3,8.5,1
T150054525,10,13,9,10,7.22,3.7,7.5,6.9,5.1,5,5.3,0
T150054526,8,12,9,11,6.85,4.3,6.6,6.4,2.9,4.8,4.7,0
T150054527,14,12,14,14,7.36,5.4,5.5,6.6,5.4,2.1,5,0
T150054528,14,13,9,14,7.38,5,6.9,5.6,3.9,2.1,4.5,0
T150054529,12,13,14,11,6.89,4,5.5,5.8,5,4.5,5.3,0
T150054530,13,14,11,11,8.57,4.9,5.7,6.9,8,8.4,8.7,1
T150054531,10,11,8,14,8.98,7,5.6,9,8,8.8,8,1
T150054532,8,9,9,14,8.84,7,7.4,8,8,8.9,8,1
T150054533,12,7,9,14,6.54,4.3,6,5.8,2.5,8,4.6,0
T150054534,12,8,11,7,6.54,3.9,7.3,6.9,4.1,3.8,4.3,0
T150054535,11,8,8,12,6.72,3.4,6,6.9,4.8,3.1,4.7,0
T150054536,18,18,19,14,8.29,7.5,7.7,8.4,5.9,6.1,7.4,0
T150054537,17,14,17,19,8.11,7,8.1,7.6,6.9,6.2,7.4,1
T150054538,24,25,23,21,8.62,7.8,9,8.8,7.9,8.1,7.8,1
T150054539,23,25,21,21,8.92,9.1,9.3,9.2,8.6,8.5,8.1,0
T150054540,23,24,24,22,8.54,8.1,8.6,9.1,8.8,8.1,7.9,0
T150054541,24,24,22,25,8.75,8.7,8.8,8.8,8,9.3,8.6,0
T150054542,21,23,21,25,8.95,8,8.7,9,8.3,8.7,9.2,0
T150054543,24,21,22,25,8.77,8.1,9.4,9.2,8.1,9.4,8.7,1
T150054544,22,21,25,23,9.3,8.9,8.5,8.7,7.7,9.2,7.7,1
T150054545,24,25,25,21,9.14,7.8,9.4,9.1,8.8,8.3,8.3,1
T150054546,24,24,21,23,8.67,8.2,8.8,9.4,8.7,9.5,8.8,0
T150054547,24,21,22,21,8.95,8.9,8.7,9.4,9,9.2,9.4,1
T150054548,24,23,22,22,8.59,8.6,9.4,9,9.3,8.9,9.4,1
T150054549,25,21,21,22,8.79,9.1,8.7,8.6,7.7,7.6,7.7,0
T150054550,25,21,22,22,8.9,8.4,8.5,9.4,9.4,7.9,8.1,1
T150054551,21,24,21,24,9.26,9.3,9.4,8.7,7.6,8.3,9.1,1
T150054552,22,24,22,22,8.89,8.6,9.4,9.4,8.6,8.7,7.9,1
T150054553,23,22,25,21,8.89,7.6,8.7,9,8.9,9.3,8,1
T150054554,24,25,24,21,8.8,7.5,8.6,9.3,9.1,8.7,8,0
T150054555,25,23,22,24,9.23,8,8.7,8.9,7.6,9.3,9.3,1
T150054556,21,24,23,22,9.12,8.3,8.6,9.4,7.5,8.7,8.9,0
T150054557,22,22,25,22,8.97,9,8.7,8.5,7.7,8.4,7.9,0
T150054558,21,24,25,25,9.19,8.8,9.5,8.8,8.6,8.3,9.1,1
T150054559,22,22,22,21,9.45,9,8.5,9.2,8.4,9.4,8,1
T150054560,21,25,21,22,8.97,9,8.7,8.8,9.4,8.4,8.3,1
T150054561,21,22,21,22,9.37,7.6,9.2,9.2,9.2,9.1,9.2,1
T150054562,21,23,25,22,8.85,7.6,9.4,9.2,8.4,9,8.7,1
T150054563,22,22,24,24,8.78,8.4,9.3,9.4,7.7,9.2,9.3,0
T150054564,24,23,25,25,8.97,9,9,8.9,9.2,9.5,7.9,1
T150054565,22,21,25,23,8.97,8.7,8.8,8.5,8.8,8,8,1
T150054566,25,21,23,23,8.51,7.9,9.3,9.3,8.4,8.6,9,0
T150054567,23,21,21,24,8.78,8.1,8.6,9.5,8.2,8.7,9,0
T150054568,25,21,24,21,8.92,7.5,8.9,9.2,7.8,7.9,8,1
T150054569,24,22,23,24,9.16,8.2,8.8,9.2,8.5,7.5,9,1
T150054570,24,24,24,24,9.34,7.5,9,8.9,8.5,8.7,8.4,1
T150054571,21,23,23,21,8.79,7.7,8.8,9.4,9.2,7.5,8.7,0
T150054572,25,25,23,22,9.19,7.9,8.7,8.8,7.7,7.6,8.4,1
T150054573,22,25,24,23,9.35,8.4,9.4,8.8,8.9,9.1,8.4,0
T150054574,25,23,21,22,8.51,8.7,8.8,9.4,8,7.6,8,0
T150054575,21,23,24,25,8.82,7.8,9.3,9,8.6,8.1,8.7,0
T150054576,22,25,24,21,8.59,7.9,9.4,9.1,9,8.3,8.8,1
T150054577,21,21,23,22,8.5,7.9,9.2,9.3,8.9,7.7,8.1,1
T150054578,15,16,18,17,8.44,7.2,7.6,8,5.9,7.1,7,0
T150054579,15,15,20,20,8.34,7,7.5,7.7,7.2,7.2,6.9,0
T150054580,14,18,19,17,8.4,5.9,8.3,8.3,5.8,6.3,8.4,1
T150054581,19,14,19,15,8.35,7.2,7.6,8,7,5.8,6.2,1
T150054582,14,17,14,16,8.39,6.3,7.7,7.6,7.3,6.2,5.7,0
T150054583,20,18,18,15,7.54,8.3,8,7.8,5.5,6.4,7,1
T150054584,19,19,14,20,8.11,7.4,8,7.7,7.1,6.9,6.3,0
T150054585,17,14,19,16,7.75,6.7,8,8.2,5.5,7.1,6.4,1
T150054586,18,19,15,16,8.04,6.6,8.3,8,6,5.9,7.1,0
T150054587,18,17,14,19,7.61,8.8,8.4,7.9,7.3,7.3,5.5,0
T150054588,17,14,16,14,8.18,6.3,8.4,7.8,5.7,5.6,7.5,1
T150054589,14,14,14,20,7.5,5.9,8.3,7.8,5.5,6.2,6.9,0
T150054590,17,15,20,19,7.92,7.2,8.4,8.1,6.7,6,6.3,0
T150054591,19,17,16,19,7.57,5.7,8.2,7.5,5.5,6.3,7,0
T150054592,16,14,16,19,8.25,6,8.5,7.6,7.3,5.5,5.8,0
T150054593,14,14,17,16,7.59,8.1,8.2,8.1,7.3,6.8,5.7,1
T150054594,18,20,15,17,8.19,8.1,8.2,7.6,6.7,6.2,5.9,1
T150054595,15,17,20,15,8.03,7.2,8.4,7.9,7.3,7,6.5,1
T150054596,16,18,17,16,8.36,6.3,8.4,7.9,7.5,5.7,6.4,0
T150054597,19,20,14,14,8.26,6.7,8.2,8,7.3,6.9,7.5,1
T150054598,17,15,14,17,7.52,7.1,8.3,7.6,7.1,5.8,6.8,1
T150054599,17,15,16,19,7.85,6.6,7.9,8.2,7.3,7,7.3,1
T150054600,17,16,18,19,8.27,7.1,7.9,7.8,7.4,5.8,6.6,1
T150054601,15,20,15,15,8.16,6.7,7.8,8.4,7.8,6.3,6.8,1
T150054602,19,19,14,19,8.41,6.3,7.7,7.8,6.9,6.5,6.3,1
T150054603,14,16,18,15,7.81,6.8,8.1,7.9,7.3,5.9,6.3,0
T150054604,17,15,14,15,7.85,6.5,7.6,8.4,7.4,6.9,7.3,0
T150054605,14,20,15,16,8.22,7.5,8.2,8.4,6.1,5.5,6.9,0
T150054606,14,14,14,20,8.04,7.1,8.1,7.9,5.7,6.2,6.3,0
T150054607,14,20,15,19,8.19,6.7,7.7,8.3,5.8,6.1,7.1,0
T150054608,20,14,17,15,8.32,9.3,8.2,8.2,7.4,5.6,6.1,1
T150054609,19,18,18,14,7.52,9.4,8.4,8.5,5.9,6.5,6.3,1
T150054610,18,15,14,20,7.67,7.3,8,7.8,5.9,7.1,6.9,0
T150054611,14,14,16,19,7.64,5.8,7.9,7.9,7.4,7.1,7.1,0
T150054612,20,18,17,14,7.76,6.5,8.2,8.3,7.2,6.3,7.3,0
T150054613,18,14,15,18,7.56,6.8,8.3,6.9,7,6.2,5.9,0
T150054614,20,15,17,15,8.01,6.9,8.3,7.7,6.5,5.9,6.5,1
T150054615,15,20,20,15,7.78,7.2,7.9,7.7,6.4,6.2,6.8,0
T150054616,14,16,18,14,7.78,5.6,7.7,8.2,5.7,6,5.8,1
T150054617,14,14,17,17,8.15,6.9,7.6,8,6.6,6.9,7.4,1
T150054618,19,17,17,14,7.54,7.3,7.7,7.8,6.7,6.9,6.2,0
T150054619,19,17,18,19,7.78,7.4,8.4,8.1,7,6.9,7.1,1
T150054620,14,19,19,19,8.26,8.8,8.4,8.3,6.5,6.5,6.3,1
T150054621,20,18,14,17,7.93,7.1,7.6,7.6,6.8,6.5,7.2,1
T150054622,14,16,14,16,7.93,9,8.1,8.5,5.8,5.6,5.6,1
T150054623,16,17,15,17,7.75,6.2,7.6,7.5,7.4,7.1,6.8,0
T150054624,16,18,16,15,7.82,6.7,8.2,7.8,6.7,5.5,6.4,1
T150054625,18,14,20,15,7.54,5.5,8.2,7.8,5.5,6,6.8,1
T150054626,17,16,20,20,7.97,6.7,7.8,7.6,6.4,5.6,6.8,0
T150054627,18,18,19,18,7.8,6.7,7.6,7.8,6.1,5.7,7.2,0
T150054628,8,12,8,11,8.17,3.5,6.8,8.8,8,8.3,8.6,1
T150054629,12,14,14,10,8.95,5.5,6.4,8.7,8,8.3,8.5,1
T150054630,10,13,9,10,7.22,3.7,7.5,6.9,5.1,5,5.3,0
T150054631,8,12,9,11,6.85,4.3,6.6,6.4,2.9,4.8,4.7,0
T150054632,14,12,14,14,7.36,5.4,5.5,6.6,5.4,2.1,5,0
T150054633,14,13,9,14,7.38,5,6.9,5.6,3.9,2.1,4.5,0
T150054634,12,13,14,11,6.89,4,5.5,5.8,5,4.5,5.3,0
T150054635,13,14,11,11,8.57,4.9,5.7,6.9,8,8.4,8.7,1
T150054636,10,11,8,14,8.98,3,5.6,9,8,8.8,8,1
T150054637,8,9,9,14,8.84,4.9,6.4,8,8,8.9,8,1
T150054638,12,7,9,14,8.54,4.3,6,5.8,2.5,8,4.6,1
T150054639,12,8,11,7,6.54,3.9,7.3,6.9,4.1,3.8,4.3,0
T150054640,11,8,8,12,6.72,3.4,6,6.9,4.8,3.1,4.7,0
T150054641,13,10,12,12,7.17,3.3,5.9,7.4,3.1,4.9,8.3,1
T150054642,12,10,9,12,6.83,2.5,6.3,8.9,8,8,8,1
T150054643,12,14,10,10,7.45,2.7,6.7,6.8,4.6,3.2,4.5,0
T150054644,8,8,8,13,6.6,2.9,5.8,6.1,5.1,2,4.7,0
T150054645,13,11,12,14,8.25,8,8,8,8,8,8.3,1
T150054646,8,12,7,9,7.14,2.9,6.8,6.1,2.8,2.3,5.2,0
T150054647,9,14,10,13,7.26,3.8,5.6,7.3,3.4,4.8,4.8,0
T150054648,11,8,9,10,8.06,8.5,8,8,8,8,8.7,1
T150054649,13,7,14,12,7.26,4.6,7,6.9,2.7,2.3,5,0
T150054650,13,7,7,13,6.98,4.8,5.9,7.1,4.8,4.8,5.2,0
T150054651,11,8,14,9,7.15,4.1,7.1,5.6,5,5.1,5.2,0
T150054652,8,8,12,9,6.82,3.1,5.5,5.9,3.7,2.9,5.5,0
T150054653,11,10,10,12,7.1,2.5,5.6,7.4,3.3,5.4,4.5,0
T150054654,12,14,10,8,7.07,5,5.8,6.7,5.1,4.5,4.4,0
T150054655,9,7,12,11,7.19,3.5,6.2,6.4,3.3,3.2,4.6,0
T150054656,10,12,14,12,6.86,3.8,6.5,6.8,3.8,4.7,5.2,0
T150054657,7,10,11,14,6.58,5.2,5.9,6.9,4.8,2.8,4.4,0
T150054658,12,8,8,9,7.2,4.1,6.8,5.6,5.1,3.8,5,0
T150054659,7,9,8,9,6.95,3.5,6.9,6.5,5.2,3,4.5,0
T150054660,14,11,10,9,8.53,8.2,8,8,8,8,8.5,1
T150054661,14,8,14,12,8.74,8.1,8,8,8,8,8.5,1
T150054662,8,13,10,10,8.29,8,8,8,8,8,8.5,1
T150054663,14,10,10,9,7.06,2.7,6.6,5.6,3.1,3.1,5.1,0
T150054664,9,12,7,13,8.28,8.9,8,8,8,8,8.3,1
T150054665,13,7,12,8,6.53,3.5,5.7,5.8,5.3,2.6,4.5,0
T150054666,14,7,7,9,7.46,2.8,5.5,7,4.9,5.4,4.7,0
T150054667,10,7,10,12,7.17,4,7.4,7.3,4.1,3.1,4.7,0
T150054668,7,14,12,12,6.57,4.8,6.8,5.5,3.9,5.2,5.1,0
T150054669,7,7,14,10,7.41,4.9,7.1,5.6,4.1,4.5,4.4,0
T150054670,11,13,11,12,6.57,3,5.6,7.5,3.7,3.2,4.4,0
T150054671,11,13,14,11,8.28,3.9,6.7,6.5,7.8,7.5,8.5,0
T150054672,13,11,8,11,6.95,3.4,5.6,6.3,3.8,4,5.2,0
T150054673,7,13,7,8,6.78,4.2,6.1,5.8,3.8,2,4.7,0
T150054674,8,11,12,11,8.89,8,8,8,8,8,8,1
T150054675,17,18,17,17,8.43,8.1,8,8,8,8,8,1
T150054676,17,17,17,14,8.18,6.7,8.1,7.9,7.1,6.8,7.1,0
T150054677,20,14,20,20,7.78,5.5,8.4,7.9,7.3,6.7,7.2,0
T150054678,19,20,14,14,7.63,6.4,8.3,8.5,6.5,6.9,6,0
T150054679,14,14,18,19,7.81,7.1,8,8.1,6.9,6.4,7.1,0
T150054680,16,15,17,18,8.01,6.9,8,7.5,7.4,7.4,7.1,0
T150054681,18,20,14,15,7.92,8.3,8,8,8,8,8,1
T150054682,19,18,15,20,7.78,6.3,8.4,8.2,6.7,7.5,5.9,0
T150054683,16,19,17,20,8.4,5.6,7.7,7.9,6.9,5.8,5.5,0
T150054684,14,19,17,20,8.32,5.8,7.7,7.9,6.2,6.9,6.6,0
T150054685,19,20,14,19,7.54,6.1,7.7,8.3,7.4,5.7,5.6,0
T150054686,20,15,14,17,8.49,6.5,8.2,8,6.8,5.6,5.6,0
T150054687,15,14,20,16,8.45,8.2,8,8,8,8,8,1
T150054688,18,15,19,16,8.26,6.1,8.3,7.5,6.2,7.2,5.8,0
T150054689,14,20,15,17,7.93,5.7,8.3,7.5,5.5,6.1,7.1,0
T150054690,14,16,15,17,7.6,5.9,7.5,7.7,6.6,6.9,6.4,1
T150054691,14,14,18,18,8.31,6,8.4,8.1,5.7,5.9,6.7,1
T150054692,20,20,17,17,8.47,6.3,8.5,8.2,7.4,5.8,7.1,1
T150054693,15,14,20,20,8.34,5.9,7.9,8.3,6.7,5.9,5.8,0
T150054694,15,17,14,17,7.9,6.1,8.1,8,6.5,6.3,6.6,0
T150054695,16,18,20,17,8.02,7.4,8.3,8.4,5.9,7.1,7.3,1
T150054696,16,16,15,16,8.12,6,7.5,8,6.1,6.4,6.4,0
T150054697,19,18,19,16,7.59,6.7,7.9,7.8,6.7,6.2,6.5,0
T150054698,14,19,17,16,8.29,7.4,8,7.6,5.7,7,5.8,1
T150054699,14,19,16,19,7.81,7.1,8.4,7.9,6.7,5.5,6,0
T150054700,18,16,20,18,7.85,5.9,7.7,7.8,7.2,6.1,6.6,0
T150054701,18,15,17,14,7.97,6.9,8.5,7.5,7.4,5.8,6.3,1
T150054702,19,19,20,18,8.29,6.3,8.2,8.4,7.1,5.6,7.1,0
T150054703,16,14,14,19,8.35,6.7,8.3,8,5.5,5.9,7.2,0
T150054704,18,16,14,17,8.05,6,7.5,8.4,5.9,6.9,5.9,1
T150054705,16,17,16,19,7.96,6.2,7.8,8.4,7.1,7.2,6.3,0
T150054706,18,20,17,15,8.16,6.8,7.6,8,7.5,6.4,6.9,0
T150054707,20,17,18,16,7.71,7.2,8,7.5,7.3,6.1,6.1,0
T150054708,15,14,18,17,8.04,7.3,8.4,8.4,7.3,6.8,6.6,0
T150054709,18,18,18,18,8.43,7.5,7.6,7.9,6.7,6.6,5.8,1
T150054710,14,15,17,20,8.24,6.5,8.2,8.3,6.9,7.3,7,1
T150054711,15,20,19,17,7.9,7.3,8.5,8.4,7.1,5.6,5.8,1
T150054712,17,20,14,17,8.34,5.5,8.3,7.7,6.4,6.8,5.7,0
T150054713,14,20,17,16,8.47,5.7,8.3,7.6,5.5,6.5,5.8,1
T150054714,20,16,18,16,8.41,5.7,7.7,7.6,6.4,7,7.3,0
T150054715,15,16,14,17,7.68,7.4,8.2,8,6.9,6.8,5.9,1
T150054716,14,15,15,18,8.32,5.6,7.7,8.3,5.6,6.1,6.9,0
T150054717,14,20,18,15,8.04,7,7.7,8.4,6,6.8,5.7,0
T150054718,16,20,18,17,7.82,6.6,7.7,8.2,5.5,6.9,7,1
T150054719,18,14,16,18,8.37,6,7.8,8,6.3,6.4,5.7,0
T150054720,18,18,14,20,8.03,7.1,8.5,7.5,7.5,6.2,6.9,0
T150054721,16,20,14,19,8.25,7.1,7.8,7.5,7.1,7.2,5.7,0
T150054722,16,19,17,17,8.17,7.2,7.9,8,7.4,5.6,9.1,1
T150054723,16,15,17,16,8.41,6.8,8.5,7.9,5.6,7.4,6.9,0
T150054724,17,19,15,16,8.34,6.9,8,8.4,7.3,6.1,6.5,1
T150054725,14,20,14,18,8.43,6.9,8,7.7,6.2,6,7,0
T150054726,15,14,18,18,7.7,6.2,8.2,8.4,5.8,7.4,8.3,1
T150054727,16,14,15,19,7.94,6.7,8,7.6,7.4,6.7,5.6,1
T150054728,20,19,15,15,7.58,6.1,8.2,7.8,6.5,5.6,6.1,0
T150054729,20,15,17,15,8.01,6.9,8.3,7.7,6.5,5.9,6.5,1
T150054730,15,20,20,15,7.78,7.2,7.9,7.7,6.4,6.2,6.8,0
T150054731,14,16,18,14,7.78,5.6,7.7,8.2,5.7,6,5.8,1
T150054732,14,14,17,17,8.15,6.9,7.6,8,6.6,6.9,7.4,1
T150054733,19,17,17,14,7.54,7.3,7.7,7.8,6.7,6.9,6.2,0
T150054734,19,17,18,19,7.78,7.4,8.4,8.1,7,6.9,7.1,1
T150054735,14,19,19,19,8.26,8.8,8.4,8.3,6.5,6.5,6.3,1
T150054736,20,18,14,17,7.93,7.1,7.6,7.6,6.8,6.5,7.2,1
T150054737,14,16,14,16,7.93,9,8.1,8.5,5.8,5.6,5.6,1
T150054738,16,17,15,17,7.75,6.2,7.6,7.5,7.4,7.1,6.8,0
T150054739,16,18,16,15,7.82,6.7,8.2,7.8,6.7,5.5,6.4,1
T150054740,18,14,20,15,7.54,5.5,8.2,7.8,5.5,6,6.8,1
T150054741,17,16,20,20,7.97,6.7,7.8,7.6,6.4,5.6,6.8,0
T150054742,15,20,20,15,7.78,7.2,7.9,7.7,6.4,6.2,6.8,0
T150054743,14,16,18,14,7.78,5.6,7.7,8.2,5.7,6,5.8,1
T150054744,14,14,17,17,8.15,6.9,7.6,8,6.6,6.9,7.4,1
T150054745,16,17,16,19,7.96,6.2,7.8,8.4,7.1,7.2,6.3,1
T150054746,18,18,19,14,8.29,7.5,7.7,8.4,5.9,6.1,7.4,0
T150054747,17,14,17,19,8.11,7,8.1,7.6,6.9,6.2,7.4,1
T150054748,24,25,23,21,8.62,7.8,9,8.8,7.9,8.1,7.8,1
T150054749,23,25,21,21,8.92,9.1,9.3,9.2,8.6,8.5,8.1,0
T150054750,23,24,24,22,8.54,8.1,8.6,9.1,8.8,8.1,7.9,0
T150054751,24,24,22,25,8.75,8.7,8.8,8.8,8,9.3,8.6,0
T150054752,21,23,21,25,8.95,8,8.7,9,8.3,8.7,9.2,0
T150054753,24,21,22,25,8.77,8.1,9.4,9.2,8.1,9.4,8.7,1
T150054754,22,21,25,23,9.3,8.9,8.5,8.7,7.7,9.2,7.7,0
T150054755,24,25,25,21,9.14,7.8,9.4,9.1,8.8,8.3,8.3,1
T150054756,24,24,21,23,8.67,8.2,8.8,9.4,8.7,9.5,8.8,0
T150054757,24,21,22,21,8.95,8.9,8.7,9.4,9,9.2,9.4,0
T150054758,24,23,22,22,8.59,8.6,9.4,9,9.3,8.9,9.4,1
T150054759,25,21,21,22,8.79,9.1,8.7,8.6,7.7,7.6,7.7,0
T150054760,25,21,22,22,8.9,8.4,8.5,9.4,9.4,7.9,8.1,1
T150054761,21,24,21,24,9.26,9.3,9.4,8.7,7.6,8.3,9.1,1
T150054762,22,24,22,22,8.89,8.6,9.4,9.4,8.6,8.7,7.9,1
T150054763,23,22,25,21,8.89,7.6,8.7,9,8.9,9.3,8,0
T150054764,24,25,24,21,8.8,7.5,8.6,9.3,9.1,8.7,8,0
T150054765,25,23,22,24,9.23,8,8.7,8.9,7.6,9.3,9.3,1
T150054766,21,24,23,22,9.12,8.3,8.6,9.4,7.5,8.7,8.9,0
T150054767,22,22,25,22,8.97,9,8.7,8.5,7.7,8.4,7.9,0
T150054768,21,24,25,25,9.19,8.8,9.5,8.8,8.6,8.3,9.1,1
T150054769,22,22,22,21,9.45,9,8.5,9.2,8.4,9.4,8,1
T150054770,21,21,23,25,9.8,9,8.6,9.2,8.4,9.2,8,1
T150054771,19,18,14,16,8.7,7.8,8.4,8.6,7.2,5.7,4.1,0
T150054772,14,13,9,14,7.38,5,6.9,5.6,3.9,2.1,4.5,0
T150054773,12,13,14,11,6.89,4,5.5,5.8,5,4.5,5.3,0
T150054774,13,14,11,11,8.57,4.9,5.7,6.9,8,8.4,8.7,1
T150054775,10,11,8,14,8.98,7,5.6,9,8,8.8,8,1
T150054776,8,9,9,14,8.84,7,7.4,8,8,8.9,8,1
T150054777,12,7,9,14,6.54,4.3,6,5.8,2.5,8,4.6,0
T150054778,12,8,11,7,6.54,3.9,7.3,6.9,4.1,3.8,4.3,0
T150054779,11,8,8,12,6.72,3.4,6,6.9,4.8,3.1,4.7,0
T150054780,13,10,12,12,7.17,3.3,5.9,7.4,3.1,4.9,8.3,0
T150054781,12,10,9,12,6.83,2.5,6.3,8.9,8,8,7,0
T150054782,12,14,10,10,7.45,2.7,6.7,6.8,4.6,3.2,4.5,0
T150054783,8,8,8,13,6.6,2.9,5.8,6.1,5.1,2,4.7,0
T150054784,13,11,12,14,8.25,8,8,8,8,8,8.3,1
T150054785,8,12,7,9,7.14,2.9,6.8,6.1,2.8,2.3,5.2,0
T150054786,9,14,10,13,7.26,3.8,5.6,7.3,3.4,4.8,4.8,0
T150054787,11,8,9,10,8.06,8.5,8,8,8,8,8.7,1
T150054788,13,7,14,12,7.26,4.6,7,6.9,2.7,2.3,5,0
T150054789,13,7,7,13,6.98,4.8,5.9,7.1,4.8,4.8,5.2,0
T150054790,11,8,14,9,7.15,4.1,7.1,5.6,5,5.1,5.2,0
T150054791,8,8,12,9,6.82,3.1,5.5,5.9,3.7,2.9,5.5,0
T150054792,11,10,10,12,7.1,2.5,5.6,7.4,3.3,5.4,4.5,0
T150054793,12,14,10,8,7.07,5,5.8,6.7,5.1,4.5,4.4,0
T150054794,9,7,12,11,7.19,3.5,6.2,6.4,3.3,3.2,4.6,0
T150054795,10,12,14,12,6.86,3.8,6.5,6.8,3.8,4.7,5.2,0
T150054796,7,10,11,14,6.58,5.2,5.9,6.9,4.8,2.8,4.4,0
T150054797,12,8,8,9,7.2,4.1,6.8,5.6,5.1,3.8,5,0
T150054798,7,9,8,9,6.95,3.5,6.9,6.5,5.2,3,4.5,0
T150054799,14,11,10,9,8.53,8.2,8,8,8,8,8.5,1
T150054800,14,8,14,12,8.74,8.1,8,8,8,8,8.5,1
T150054801,8,13,10,10,8.29,8,8,8,8,8,8.5,1
T150054802,14,10,10,9,7.06,2.7,6.6,5.6,3.1,3.1,5.1,0
T150054803,9,12,7,13,8.28,8.9,8,8,8,8,8.3,1
T150054804,13,7,12,8,6.53,3.5,5.7,5.8,5.3,2.6,4.5,0
T150054805,14,7,7,9,7.46,2.8,5.5,7,4.9,5.4,4.7,1
T150054806,10,7,10,12,7.17,4,7.4,7.3,7.8,7.4,8.2,1
T150054807,7,12,12,12,6.57,4.8,5.6,5.5,3.9,5.2,5.1,0
T150054808,7,7,14,10,7.41,4.9,7.1,5.6,4.1,4.5,4.4,0
T150054809,11,10,11,11,6.57,3,5.6,7.5,3.7,3.2,4.4,0
T150054810,11,13,14,11,8.28,3.9,6.7,6.5,7.8,7.5,8.5,1
T150054811,13,11,8,11,6.95,3.4,5.6,6.3,3.8,4,5.2,0
T150054812,7,13,7,8,6.78,4.2,6.1,5.8,3.8,2,4.7,0
T150054813,8,11,12,11,8.89,9.1,8.2,7.8,9.2,9.5,8,1
T150054814,17,18,17,17,8.43,8.1,8,9.2,7.8,8.2,8,1
T150054815,17,17,17,14,8.18,6.7,8.1,7.9,7.1,6.8,7.1,1
T150054816,20,14,20,20,7.78,5.5,8.4,7.9,7.3,6.7,7.2,0
T150054817,19,20,14,14,7.63,6.4,8.3,7.4,6.5,6.9,6,0
T150054818,14,14,18,19,7.81,7.1,8,8.1,6.9,6.4,7.1,1
T150054819,16,15,17,18,8.01,6.9,8,7.5,7.4,7.4,7.1,1
T150054820,18,20,14,15,7.92,7.2,5,6,5,6.2,6,0
T150054821,19,18,15,20,7.78,6.3,8.4,8.2,6.7,7.5,5.9,1
T150054822,16,19,17,20,8.4,5.6,7.7,7.9,6.9,5.8,5.5,0
T150054823,14,19,17,20,8.32,5.8,7.7,7.9,6.2,6.9,6.6,0
T150054824,19,20,14,19,7.54,6.1,7.7,8.3,7.4,5.7,5.6,0
T150054825,20,15,14,17,8.49,6.5,8.2,8,6.8,5.6,5.6,0
T150054826,15,14,20,16,8.45,8.2,8.8,7.8,9.3,8.8,9.2,1
T150054827,18,15,19,16,8.26,6.1,7,7.5,6.2,7.2,5.8,0
T150054828,14,15,15,17,7.93,5.7,6.7,7.5,5.5,6.1,7.1,0
T150054829,19,14,20,16,8.02,6.3,7.5,8.3,5.8,5.8,6.7,0
T150054830,20,20,16,20,7.75,8.2,8.8,9.2,8,6.3,9.1,1
T150054831,13,15,16,17,7.69,7.2,5,6.6,6.3,6.5,8,0
T150054832,14,18,14,15,8.49,8.7,8,8.1,7.5,8.4,9.1,1
T150054833,19,14,15,15,7.51,5.8,7.8,7.6,4.3,5.6,6.6,0
T150054834,18,17,20,15,7.61,6,7.8,8,6.7,5.6,7,0
T150054835,16,16,20,18,8.24,6.1,8.1,7.6,5.7,6.6,7.2,0
T150054836,15,17,17,18,8.36,6.2,8.3,8.4,7.4,7,6.6,0
T150054837,17,15,15,16,7.86,7.8,8.5,8.5,7.9,8.3,7.8,1
T150054838,16,15,20,19,7.92,5.8,7.9,8.3,6.2,6.7,5.5,1
T150054839,16,16,18,19,7.51,6.6,8.4,7.9,8.4,7.7,7,1
T150054840,19,17,20,15,8.21,5.9,8,7.5,6.9,6.4,6.5,1
T150054841,14,15,15,17,7.57,7.4,8.3,8.4,7.1,6.7,7.1,1
T150054842,20,15,16,14,7.54,5.9,8,7.6,6.3,7.2,7.2,1
T150054843,15,13,15,17,8.4,6.2,7.6,7.5,6,6.4,6.5,0
T150054844,20,21,15,16,7.7,7.4,7.8,8.2,7.1,7.2,7.1,1
T150054845,18,20,16,18,7.54,6.8,8.4,7.9,6.9,6.3,6.2,0
T150054846,16,17,16,14,7.83,6.9,8.4,8.4,8,5.8,6.1,1
T150054847,14,20,15,14,8.02,7,7.8,8,6.4,6.9,6.9,0
T150054848,19,16,16,19,7.89,6.2,7.9,8.1,6.1,5.9,5.8,0
T150054849,17,20,18,15,7.83,7.1,8.3,7.9,5.7,6.8,7.2,0
T150054850,20,17,19,18,8.12,7.6,8.1,7.6,6.2,6.9,6.9,1
T150054851,19,14,18,19,6.76,6.5,7.6,7.6,6.2,6.1,6.6,0
T150054852,18,18,18,14,7.99,7,8,8.2,5.7,6.8,6.3,0
T150054853,16,18,18,20,8.12,6.9,8.1,8.2,6.6,7,5.7,1
T150054854,17,18,17,14,8.16,6.1,8.4,8.2,5.7,7.4,7.5,1
T150054855,19,16,20,17,8.2,7.3,8.2,8.4,6,7.5,6.5,1
T150054856,20,15,20,15,8.81,9.3,8.6,8.2,8.7,9.2,9,1
T150054857,18,18,16,18,8.69,7.5,7.5,7.8,7.9,7.9,7.1,1
T150054858,14,18,16,16,7.99,6.5,7.6,8.3,7.5,7.1,8.5,1
T150054859,20,20,19,19,7.61,6.3,6.5,7.5,7.3,6.8,7,0
T150054860,17,19,16,19,7.81,7.3,8.4,8,6.3,6.1,6.3,0
T150054861,14,17,14,20,7.78,6,7.6,7.7,5.6,6.8,5.8,0
T150054862,20,16,16,17,8.12,5.5,7.9,7.6,6.1,6,6.6,0
T150054863,17,14,16,18,7.6,6.5,7.8,8.3,7.9,8,6.9,1
T150054864,17,19,19,16,7.59,6.5,8.1,6.2,6.2,5.6,5.7,0
T150054865,14,19,17,14,7.69,7.1,7.7,7.9,8.9,7.3,7.3,1
T150054866,18,17,18,14,8.04,8.9,8,7.6,8.5,7.3,7.8,1
T150054867,18,20,17,15,8.16,6.8,7.6,8,7.5,4.4,4.9,0
T150054868,20,17,18,16,7.71,7.2,8,7.5,7.3,6.1,6.1,0
T150054869,15,14,18,17,8.04,7.3,8.4,8.4,7.3,6.8,6.6,0
T150054870,18,18,18,18,8.43,7.5,7.6,7.9,6.7,8.6,8,1
T150054871,14,15,17,20,8.24,6.5,8.2,8.3,6.9,7.3,8,1
T150054872,15,20,19,17,7.9,7.3,8.5,8.4,7.1,5.6,5.8,0
T150054873,17,20,14,17,8.34,5.5,8.3,7.7,6.4,6.8,5.7,0
T150054874,14,20,17,16,8.47,5.7,8.3,7.6,5.5,6.5,8.8,0
T150054875,20,16,18,16,8.41,5.7,7.7,7.6,6.4,7,7.3,0
T150054876,15,16,14,17,7.68,7.4,8.2,8,6.9,6.8,5.9,0
T150054877,14,15,15,18,8.32,5.6,7.7,8.3,5.6,6.1,6.9,0
T150054878,14,20,18,15,8.04,7,7.7,8.4,6,6.8,5.7,0
T150054879,16,20,18,17,7.82,6.6,7.7,8.2,8.3,8.3,8,1
T150054880,18,14,16,18,8.37,6,7.8,8,6.3,6.4,5.7,0
T150054881,18,18,14,20,7.03,6.1,6.5,6.5,6.5,6.2,6.9,0
T150054882,16,20,14,19,8.25,7.1,7.8,7.5,7.1,7.2,5.7,0
T150054883,16,19,17,17,8.17,7.2,7.9,8,7.4,5.6,9.1,1
T150054884,16,15,17,16,6.41,6.8,8.5,7.9,5.6,7.4,6.9,0
T150054885,17,19,15,16,8.34,6.9,8,6.4,7.3,6.1,6.5,0
T150054886,14,20,14,18,8.43,6.9,8,7.7,6.2,6,7,0
T150054887,15,14,18,18,7.7,6.2,8.2,8.4,5.8,7.4,8.3,1
T150054888,12,10,9,12,6.83,2.5,6.3,8.9,8,8,8,1
T150054889,12,14,10,10,7.45,2.7,6.7,6.8,4.6,3.2,4.5,0
T150054890,8,8,8,13,6.6,2.9,5.8,6.1,5.1,2,4.7,0
T150054891,13,11,12,14,8.25,8.8,9.5,6.7,7.6,8.7,8.3,1
T150054892,8,12,7,9,7.14,2.9,6.8,6.1,2.8,2.3,5.2,0
T150054893,9,14,10,13,7.26,3.8,5.6,7.3,3.4,4.8,4.8,0
T150054894,11,8,9,10,8.06,8.5,8,8.7,7.3,8.2,7.8,1
T150054895,13,7,14,12,7.26,4.6,7,6.9,2.7,2.3,5,0
T150054896,13,7,7,13,6.98,4.8,5.9,7.1,4.8,4.8,5.2,0
T150054897,11,8,14,9,7.15,4.1,7.1,5.6,5,5.1,5.2,0
T150054898,8,8,12,9,6.82,3.1,5.5,5.9,3.7,2.9,5.5,0
T150054899,11,10,10,12,7.1,2.5,5.6,7.4,3.3,5.4,4.5,0
T150054900,12,14,10,8,7.07,5,5.8,6.7,5.1,4.5,4.4,0
T150054901,9,7,12,11,7.19,3.5,6.2,6.4,3.3,3.2,4.6,0
T150054902,10,12,14,12,6.86,3.8,6.5,6.8,3.8,4.7,5.2,0
T150054903,7,10,11,14,6.58,5.2,5.9,6.9,4.8,2.8,4.4,0
T150054904,12,8,8,9,7.2,4.1,6.8,5.6,5.1,3.8,5,0
T150054905,7,9,8,9,6.95,3.5,6.9,6.5,5.2,3,4.5,0
T150054906,14,11,10,11,8.53,8.2,7.6,8.7,8.8,7.9,8.5,1
T150054907,14,8,14,12,8.74,8.1,7.4,8.6,7.5,9.2,8.5,1
T150054908,8,13,10,10,8.29,8.6,7.8,6.8,9.2,7.9,9,1
T150054909,14,10,10,9,7.06,2.7,6.6,5.6,3.1,3.1,5.1,0
T150054910,9,12,7,13,8.28,8.9,8.2,8.4,7.8,7.4,8.3,1
T150054911,13,7,12,8,6.53,3.5,5.7,5.8,5.3,2.6,4.5,0
T150054912,14,7,7,9,7.46,2.8,5.5,7,4.9,5.4,4.7,0
T150054913,10,7,10,12,7.17,4,7.4,7.3,4.1,3.1,4.7,0
T150054914,7,14,12,12,6.57,4.8,6.8,5.5,3.9,5.2,5.1,0
T150054915,7,7,14,10,7.41,4.9,7.1,5.6,4.1,4.5,4.4,0
T150054916,11,13,11,12,6.57,3,5.6,7.5,3.7,3.2,4.4,0
T150054917,11,13,14,11,8.28,3.9,6.7,6.5,7.8,7.5,8.5,0
T150054918,13,11,8,11,6.95,3.4,5.6,6.3,3.8,4,5.2,0
T150054919,7,13,7,8,6.78,4.2,6.1,5.8,3.8,2,4.7,0
T150054920,8,11,12,11,8.89,8.1,7.4,8.6,7.5,9.2,8.5,1
T150054921,17,18,17,17,8.43,8.6,7.8,6.8,9.2,7.9,9,1
T150054922,17,17,17,14,8.18,6.7,8.1,7.9,7.1,6.8,7.1,1
T150054923,20,14,20,20,7.78,5.5,8.4,7.9,7.3,6.7,7.2,1
T150054924,19,20,14,14,7.63,6.4,8.3,8.5,6.5,6.9,6,1
T150054925,14,14,18,19,7.81,7.1,8,8.1,6.9,6.4,7.1,1
T150054926,16,15,17,18,8.01,6.9,8,7.5,7.4,7.4,7.1,1
T150054927,18,20,14,15,7.92,8.3,8,8,8,8,8,1
T150054928,19,18,15,20,7.78,6.3,8.4,8.2,6.7,7.5,5.9,0
T150054929,7,12,8,13,6.55,3.1,6.2,5.6,3.6,3.3,4.4,0
T150054930,8,9,13,8,7.16,4.5,6,8.3,8,4,8, 
T150054931,8,11,10,9,7.25,5.5,7.4,6.5,3,1.8,4.6,0
T150054932,12,9,11,14,7.29,3.5,5.6,6.6,3.8,3.2,4.7,0
T150054933,12,11,14,9,7.31,5.2,6.8,6.6,3.4,3.5,4.8,0
T150054934,8,12,7,10,7.25,3.3,6.3,5.6,2.8,2.3,4.5,0
T150054935,8,12,8,11,8.17,7,6.8,8.8,8,8.3,8.6,1
T150054936,12,14,14,10,8.95,5.5,6.4,8.7,8,8.3,8.5,1
T150054937,10,13,9,10,7.22,3.7,7.5,6.9,5.1,5,5.3,0
T150054938,8,12,9,11,6.85,4.3,6.6,6.4,2.9,4.8,4.7,0
T150054939,14,12,14,14,7.36,5.4,5.5,6.6,5.4,2.1,5,0
T150054940,14,13,9,14,7.38,5,6.9,5.6,3.9,2.1,4.5,0
T150054941,12,13,14,11,6.89,4,5.5,5.8,5,4.5,5.3,0
T150054942,13,14,11,11,8.57,4.9,5.7,6.9,8,8.4,8.7,1
T150054943,10,11,8,14,8.98,7,5.6,9,8,8.8,8,1
T150054944,8,9,9,14,8.84,7,7.4,8,8,8.9,8,1
T150054945,12,7,9,14,6.54,4.3,6,5.8,2.5,8,4.6,0
T150054946,12,8,11,7,6.54,3.9,7.3,6.9,4.1,3.8,4.3,0
T150054947,11,8,8,12,6.72,3.4,6,6.9,4.8,3.1,4.7,0
T150054948,12,5,9,12,7.26,3.9,8.4,7.4,6.5,3.1,4.3,0
T150054949,11,4,12,13,8.06,5,8.3,5.9,6.9,8,7,1
T150054950,10,6,11,7,7.26,8,7.8,6.2,7.4,2.6,8.3,1
T150054951,13,8,6,7,6.98,8,8.3,5.7,6.8,5.4,7.8,1
T150054952,14,8,8,5,7.15,8,8.5,6.8,6.7,6.8,9.5,1
T150054953,11,9,6,11,6.82,2.5,7.6,6.9,6.9,5.2,6,0
T150054954,11,7,9,12,7.1,4.1,7.9,7,6.2,4.5,6.7,0
T150054955,15,9,8,15,6.8,4.8,5.3,6.2,7.4,3.2,8,0
T150054956,13,7,3,4,6.8,6,8.2,7.1,6.8,7.5,6.4,1
T150054957,7,5,5,3,5.8,7.5,6.7,7.6,8,6.8,5.8,0
T150054958,14,13,9,14,7.38,5,6.9,5.6,3.9,2.1,4.5,0
T150054959,12,13,14,11,6.89,4,5.5,5.8,5,4.5,5.3,0
T150054960,13,14,11,11,8.57,4.9,5.7,6.9,8,8.4,8.7,1
T150054961,10,11,8,14,8.98,7,5.6,9,8,8.8,8,1
T150054962,8,9,9,14,8.84,7,7.4,8,8,8.9,8,1
T150054963,12,7,9,14,6.54,4.3,6,5.8,2.5,8,4.6,0
T150054964,12,8,11,7,6.54,3.9,7.3,6.9,4.1,3.8,4.3,0
T150054965,11,8,8,12,6.72,3.4,6,6.9,4.8,3.1,4.7,0
T150054966,13,10,12,12,7.17,3.3,5.9,7.4,3.1,4.9,8.3,0
T150054967,12,10,9,12,6.83,2.5,6.3,8.9,8,8,7,1
T150054968,12,14,10,10,7.45,2.7,6.7,6.8,4.6,3.2,4.5,0
T150054969,8,8,8,13,6.6,2.9,5.8,6.1,5.1,2,4.7,0
T150054970,13,11,12,14,8.25,8,8,8,8,8,8.3,1
T150054971,8,12,7,9,7.14,2.9,6.8,6.1,2.8,2.3,5.2,0
T150054972,9,14,10,13,7.26,3.8,5.6,7.3,3.4,4.8,4.8,0
T150054973,11,8,9,10,8.06,8.5,7.9,9.1,7.8,8,8.7,1
T150054974,13,7,14,12,7.26,4.6,7,6.9,2.7,2.3,5,0
T150054975,13,7,7,13,6.98,4.8,5.9,7.1,4.8,4.8,5.2,0
T150054976,11,8,14,9,7.15,4.1,7.1,5.6,5,5.1,5.2,0
T150054977,8,8,12,9,6.82,3.1,5.5,5.9,3.7,2.9,5.5,0
T150054978,11,10,10,12,7.1,2.5,5.6,7.4,3.3,5.4,4.5,0
T150054979,12,14,10,8,7.07,5,5.8,6.7,5.1,4.5,4.4,0
T150054980,9,7,12,11,7.19,3.5,6.2,6.4,3.3,3.2,4.6,0
T150054981,10,12,14,12,6.86,3.8,6.5,6.8,3.8,4.7,5.2,0
T150054982,7,10,11,14,6.58,5.2,5.9,6.9,4.8,2.8,4.4,0
T150054983,12,8,8,9,7.2,4.1,6.8,5.6,5.1,3.8,5,0
T150054984,7,9,8,9,6.95,3.5,6.9,6.5,5.2,3,4.5,0
T150054985,14,11,10,9,8.53,8.2,8,8,8,8,8.5,1
T150054986,14,8,14,12,8.74,8.1,7.8,8.6,6.9,9.2,8.5,1
T150054987,8,13,10,10,8.29,7.9,7.1,8.5,6.8,9.7,8.5,1
T150054988,14,10,10,9,7.06,2.7,6.6,5.6,3.1,3.1,5.1,0
T150054989,9,12,7,13,8.28,8.9,8,8,8,8,8.3,1
T150054990,13,7,12,8,6.53,3.5,5.7,5.8,5.3,2.6,4.5,0
T150054991,14,7,7,9,7.46,2.8,5.5,7,4.9,5.4,4.7,0
T150054992,10,7,10,12,7.17,4,7.4,7.3,4.1,3.1,4.7,0
T150054993,7,14,12,12,6.57,4.8,6.8,5.5,3.9,5.2,5.1,0
T150054994,7,7,14,10,7.41,4.9,7.1,5.6,4.1,4.5,4.4,0
T150054995,11,13,11,12,6.57,3,5.6,7.5,3.7,3.2,4.4,0
T150054996,11,13,14,11,8.28,6,6.7,6.5,7.8,7.5,8.5,1
T150054997,13,11,8,11,6.95,3.4,5.6,6.3,3.8,4,5.2,0
T150054998,7,13,7,8,6.78,4.2,6.1,5.8,3.8,2,4.7,0
T150054999,8,11,12,11,8.89,8,7.8,8.6,8.6,7.4,9.1,1
T150055000,17,18,17,17,8.43,8.1,8,9.1,7.8,9.2,8.0 ,1
T150055001,17,17,17,14,8.18,6.7,8.1,7.9,7.1,6.8,7.1,0
T150055002,20,14,20,20,7.78,5.5,8.4,7.9,7.3,6.7,7.2,0
T150055003,19,20,14,14,7.63,6.4,8.3,8.5,6.5,6.9,6,0
T150055004,14,14,18,19,7.81,7.1,8,8.1,6.9,6.4,7.1,0
T150055005,16,15,17,18,8.01,6.9,8,7.5,7.4,7.4,7.1,0
T150055006,18,20,14,15,7.92,7,5.6,4.5,6.1,3,4.3,0
T150055007,19,18,15,20,7.78,6.3,8.4,8.2,6.7,7.5,5.9,1
T150055008,16,19,17,20,8.4,5.6,7.7,7.9,6.9,5.8,5.5,0
T150055009,14,19,17,20,8.32,5.8,7.7,7.9,6.2,6.9,6.6,0
T150055010,19,20,14,19,7.54,6.1,7.7,8.3,7.4,5.7,5.6,1
T150055011,20,15,14,17,8.49,6.5,8.2,8,6.8,5.6,5.6,1
T150055012,15,14,20,16,8.45,8.2,8,8,8,8,8,1
T150055013,18,15,19,16,8.26,6.1,8.3,7.5,6.2,7.2,5.8,0
T150055014,14,20,15,17,7.93,8.5,8.3,7.5,7.6,6.1,7.1,1
T150055015,19,14,20,16,8.02,6.3,7.5,8.3,5.8,5.8,6.7,0
T150055016,20,20,16,20,7.75,8.2,7,6,8,5,7,0
T150055017,20,15,16,17,7.69,7.2,5,6.6,6.3,6.5,8,0
T150055018,14,18,14,15,8.49,5.7,8,8.1,7.5,7.4,7.4,0
T150055019,19,14,15,15,7.51,5.8,7.8,7.6,7.1,7.3,6.6,1
T150055020,18,17,20,15,7.61,6,7.8,8,6.7,5.6,7,1
T150055021,16,16,20,18,8.24,6.1,4.5,7.6,5.7,6.6,7.2,0
T150055022,15,17,17,18,8.36,6.2,8.3,8.4,7.4,7,6.6,1
T150055023,17,15,15,16,7.86,6,8.5,7.5,6.9,7,6.9,1
T150055024,16,15,20,19,7.92,5.8,7.9,8.3,6.2,6.7,5.5,1
T150055025,16,16,18,19,7.51,6.6,8.4,7.9,6,6.7,7,1
T150055026,19,17,20,15,8.21,5.9,8,7.5,6.9,6.4,6.5,0
T150055027,14,15,15,17,7.57,7.4,8.3,8.4,7.1,6.7,7.1,1
T150055028,20,15,16,14,7.54,5.9,8,7.6,6.3,7.2,7.2,1
T150055029,15,20,15,17,8.4,6.2,7.6,7.5,6,6.4,6.5,1
T150055030,16,20,15,16,7.7,5.7,7.8,8.2,7.1,7.2,7.1,1
T150055031,18,20,16,18,7.54,6.8,8.4,7.9,6.9,6.3,6.2,1
T150055032,16,17,16,14,7.83,6.9,8.4,8.4,8,5.8,6.1,1
T150055033,14,20,15,14,8.02,7,7.8,8,6.4,6.9,6.9,0
T150055034,19,16,16,19,7.89,6.2,7.9,8.1,6.1,5.9,5.8,1
T150055035,17,20,18,15,7.83,7.1,8.3,7.9,5.7,6.8,7.2,0
T150055036,20,17,19,18,8.12,7.6,8.1,7.6,6.2,6.9,6.9,1
T150055037,19,14,18,19,7.83,6.5,7.6,7.6,6.2,6.1,6.6,1
T150055038,18,18,18,14,7.99,7,8,8.2,5.7,6.8,6.3,1
T150055039,16,18,18,20,8.12,5.6,8.1,8.2,6.6,7,5.7,1
T150055040,17,18,17,14,8.16,6.1,8.4,8.2,5.7,7.4,7.5,1
T150055041,19,16,20,17,8.2,7.3,8.2,8.4,6,7.5,6.5,1
T150055042,20,15,20,15,8.81,8,8,8.2,9,9,8.8,1
T150055043,18,18,16,18,8.69,7.5,7.5,7.8,7.9,7.9,7.1,1
T150055044,14,18,16,16,7.99,6.5,7.6,8.3,7.5,7.1,8.5,1
T150055045,20,20,19,19,7.61,6.3,6.5,7.5,7.3,6.8,7,0
T150055046,17,19,16,19,7.81,7.3,8.4,8,6.3,6.1,6.3,0
T150055047,14,17,14,20,7.78,6,7.6,7.7,5.6,6.8,5.8,0
T150055048,20,16,16,17,8.12,5.5,7.9,7.6,6.1,6,6.6,1
T150055049,17,14,16,18,7.6,6.5,7.8,8.3,6.2,6.7,6.9,1
T150055050,17,19,19,16,7.59,6.5,8.1,6.2,6.2,5.6,5.7,0
T150055051,14,19,17,14,7.69,7.1,7.7,7.9,8.9,7.3,7.3,1
T150055052,18,17,18,14,8.04,8.9,8,7.6,8.5,7.3,7.8,1
T150055053,18,20,17,15,8.16,6.8,7.6,8,7.5,4.4,4.9,0
T150055054,20,17,18,16,7.71,7.2,8,7.5,7.3,6.1,6.1,0
T150055055,15,14,18,17,8.04,7.3,8.4,8.4,7.3,6.8,6.6,1
T150055056,18,18,18,18,8.43,7.5,7.6,7.9,6.7,8.6,8,1
T150055057,14,15,17,20,8.24,6.5,8.2,8.3,6.9,7.3,8,1
T150055058,15,20,19,17,7.9,7.3,8.5,8.4,7.1,5.6,5.8,0
T150055059,17,20,14,17,8.34,5.5,8.3,7.7,6.4,6.8,5.7,0
T150055060,14,20,17,16,8.47,5.7,8.3,7.6,5.5,6.5,8.8,1
T150055061,20,16,18,16,8.41,5.7,7.7,7.6,6.4,7,7.3,1
T150055062,15,16,14,17,7.68,7.4,8.2,8,6.9,6.8,5.9,1
T150055063,14,15,15,18,8.32,5.6,7.7,8.3,5.6,6.1,6.9,0
T150055064,14,20,18,15,8.04,7,7.7,8.4,6,6.8,5.7,0
T150055065,16,20,18,17,7.82,6.6,7.7,8.2,8.3,8.3,8,1
T150055066,18,14,16,18,8.37,6,7.8,8,6.3,6.4,5.7,0
T150055067,18,18,14,20,7.03,6.1,6.5,6.5,6.5,6.2,6.9,0
T150055068,16,20,14,19,8.25,7.1,7.8,7.5,7.1,7.2,5.7,0
T150055069,16,19,17,17,8.17,7.2,7.9,8,7.4,5.6,9.1,1
T150055070,16,15,17,16,6.41,6.8,8.5,7.9,5.6,7.4,6.9,0
T150055071,17,19,15,16,8.34,6.9,8,6.4,7.3,6.1,6.5,0
T150055072,14,20,14,18,8.43,6.9,8,7.7,6.2,6,7,0
T150055073,15,14,18,18,7.7,6.2,8.2,8.4,5.8,7.4,8.3,1
T150055074,17,15,16,19,7.85,6.6,7.9,8.2,7.3,7,7.3,0
T150055075,17,16,18,19,8.27,7.1,7.9,7.8,7.4,5.8,6.6,1
T150055076,15,20,15,15,8.16,6.7,7.8,8.4,5.8,6.3,5.8,0
T150055077,19,19,14,19,8.41,6.3,7.7,7.8,6.9,6.5,6.3,1
T150055078,14,16,18,15,7.81,6.8,8.1,7.9,7.3,5.9,6.3,0
T150055079,17,15,14,15,7.85,6.5,7.6,8.4,7.4,6.9,7.3,1
T150055080,14,20,15,16,8.22,7.5,8.2,8.4,6.1,5.5,6.9,1
T150055081,14,14,14,20,8.04,7.1,8.1,7.9,5.7,6.2,6.3,0
T150055082,14,20,15,19,8.19,6.7,7.7,8.3,5.8,6.1,7.1,1
T150055083,20,14,17,15,8.32,9.3,8.2,8.2,7.4,5.6,6.1,1
T150055084,19,18,18,14,7.52,9.4,8.4,8.5,5.9,6.5,6.3,1
T150055085,18,15,14,20,7.67,7.3,8,7.8,5.9,7.1,6.9,1
T150055086,14,14,16,19,7.64,5.8,7.9,7.9,7.4,7.1,7.1,1
T150055087,20,18,17,14,7.76,6.5,8.2,8.3,7.2,6.3,7.3,1
T150055088,18,14,15,18,7.56,6.8,8.3,7.5,7,7.2,5.9,1
T150055089,20,15,17,15,8.01,6.9,8.3,7.7,6.5,5.9,6.5,1
T150055090,15,20,20,15,7.78,7.2,7.9,7.7,6.4,6.2,6.8,0
T150055091,14,16,18,14,7.78,5.6,7.7,8.2,5.7,6,5.8,1
T150055092,14,14,17,17,8.15,6.9,7.6,8,6.6,6.9,7.4,1
T150055093,19,17,17,14,7.54,7.3,7.7,7.8,6.7,6.9,6.2,0
T150055094,19,17,18,19,7.78,7.4,8.4,8.1,7,6.9,7.1,1
T150055095,14,19,19,19,8.26,8.8,8.4,8.3,6.5,6.5,6.3,1
T150055096,20,18,14,17,7.93,7.1,7.6,7.6,6.8,6.5,7.2,1
T150055097,14,16,14,16,7.93,9,8.1,8.5,5.8,5.6,5.6,0
T150055098,16,17,15,17,7.75,6.2,7.6,7.5,7.4,7.1,6.8,0
T150055099,16,18,16,15,7.82,6.7,8.2,7.8,6.7,5.5,6.4,1
T150055100,18,14,20,15,7.54,5.5,8.2,7.8,5.5,6,6.8,1
T150055101,17,16,20,20,7.97,6.7,7.8,7.6,6.4,5.6,6.8,0
T150055102,15,20,20,15,7.78,7.2,7.9,7.7,6.4,6.2,6.8,0
T150055103,14,16,18,14,7.78,5.6,7.7,8.2,5.7,6,5.8,1
T150055104,14,14,17,17,8.15,6.9,7.6,8,6.6,6.9,7.4,1
T150055105,19,17,17,14,7.54,7.3,7.7,7.8,6.7,6.9,6.2,0
T150055106,19,17,18,19,7.78,7.4,8.4,8.1,7,6.9,7.1,1
T150055107,14,19,19,19,8.26,8.8,8.4,5.3,5.3,6.5,6.3,0
T150055108,20,18,14,17,7.93,7.1,7.6,7.6,6.8,6.5,7.2,1
T150055109,14,16,14,16,7.93,9,8.1,8.5,5.8,5.6,5.6,1
T150055110,16,17,15,17,7.75,6.2,7.6,7.5,7.4,7.1,6.8,0
T150055111,16,18,16,15,7.82,6.7,8.2,7.8,6.7,5.5,6.4,1
T150055112,18,14,20,15,7.54,5.5,8.2,7.8,5.5,6,6.8,1
T150055113,17,16,20,20,7.97,6.7,7.8,7.6,6.4,5.6,6.8,0
T150055114,18,18,19,18,7.8,6.7,7.6,7.8,6.1,5.7,7.2,0
T150055115,16,20,15,15,7.75,7,7.6,8.1,6.2,7.1,5.9,1
T150055116,14,20,14,18,8.38,7.3,7.8,8.1,6.5,5.9,5.5,1
T150055117,16,19,14,17,8.32,6.3,7.7,8.4,6.5,7.4,7.4,1
T150055118,14,16,18,17,7.59,7.3,8.2,7.8,5.9,6.3,6.2,0
T150055119,17,20,19,14,7.78,6.9,7.7,7.8,6.7,7.2,7.2,1
T150055120,15,19,19,19,8.1,6.8,7.9,8,5.6,6.9,6.6,1
T150055121,20,18,19,14,7.67,6.3,8.1,8,6.6,7,7.3,1
T150055122,8,12,9,11,6.85,4.3,6.6,6.4,2.9,4.8,4.7,0
T150055123,14,12,14,14,7.36,5.4,5.5,6.6,5.4,2.1,5,0
T150055124,14,13,9,14,7.38,5,6.9,5.6,3.9,2.1,4.5,0
T150055125,12,13,14,11,6.89,4,5.5,5.8,5,4.5,5.3,0
T150055126,13,14,11,11,8.57,4.9,5.7,6.9,8,8.4,8.7,1
T150055127,10,11,8,14,8.98,3,5.6,9,8,8.8,8,1
T150055128,8,9,9,14,8.84,4.9,6.4,8,8,8.9,8,1
T150055129,12,7,9,14,8.54,4.3,6,5.8,2.5,8,4.6,0
T150055130,12,8,11,7,6.54,3.9,7.3,6.9,4.1,3.8,4.3,0
T150055131,11,8,8,12,6.72,3.4,6,6.9,4.8,3.1,4.7,0
T150055132,13,10,12,12,7.17,3.3,5.9,7.4,3.1,4.9,8.3,1
T150055133,12,10,9,12,6.83,2.5,6.3,8.9,8,8,8,1
T150055134,12,14,10,10,7.45,2.7,6.7,6.8,4.6,3.2,4.5,0
T150055135,8,8,8,13,6.6,2.9,5.8,6.1,5.1,2,4.7,0
T150055136,18,18,12,14,8.25,7.9,8.6,6.7,8.8,9.2,8.3,1
T150055137,8,12,7,9,7.14,2.9,6.8,6.1,2.8,2.3,5.2,0
T150055138,9,14,10,13,7.26,3.8,5.6,7.3,3.4,4.8,4.8,0
T150055139,12,8,8,9,7.2,4.1,6.8,5.6,5.1,3.8,5,0
T150055140,19,20,14,14,8.26,6.7,8.2,8,7.3,6.9,7.5,1
T150055141,17,15,14,17,7.52,7.1,8.3,7.6,7.1,5.8,6.8,1
T150055142,17,15,16,19,7.85,6.6,7.9,8.2,7.3,7,7.3,1
T150055143,17,16,18,19,8.27,7.1,7.9,7.8,7.4,5.8,6.6,1
T150055144,15,20,15,15,8.16,6.7,7.8,8.4,7.8,6.3,6.8,1
T150055145,19,19,14,19,8.41,6.3,7.7,7.8,6.9,6.5,6.3,1
T150055146,14,16,18,15,7.81,6.8,8.1,7.9,7.3,5.9,6.3,0
T150055147,17,15,14,15,7.85,6.5,7.6,8.4,7.4,6.9,7.3,1
T150055148,19,20,15,16,8.22,7.5,8.2,8.4,6.1,5.5,6.9,1
T150055149,14,14,14,20,8.04,7.1,8.1,7.9,5.7,6.2,6.3,0
T150055150,14,20,15,19,8.19,6.7,7.7,8.3,5.8,6.1,7.1,0
T150055151,20,14,17,15,8.32,9.3,8.2,8.2,7.4,5.6,6.1,1
T150055152,19,18,18,14,7.52,9.4,8.4,8.5,5.9,6.5,6.3,1
T150055153,18,15,14,20,7.67,7.3,8,7.8,5.9,7.1,6.9,0
T150055154,19,20,16,19,7.64,5.8,7.9,7.9,7.4,7.1,7.1,1
T150055155,20,18,17,14,7.76,6.5,8.2,8.3,7.2,6.3,7.3,1
T150055156,18,14,15,18,7.56,6.8,8.3,6.9,7,6.2,5.9,0
T150055157,20,15,17,15,8.01,6.9,8.3,7.7,6.5,5.9,6.5,1
T150055158,15,20,20,15,7.78,7.2,7.9,7.7,6.4,6.2,6.8,0
T150055159,14,16,18,14,7.78,5.6,7.7,8.2,5.7,6,5.8,1
T150055160,14,14,17,17,8.15,6.9,7.6,8,6.6,6.9,7.4,1
T150055161,19,17,17,14,7.54,7.3,7.7,7.8,6.7,6.9,6.2,1
T150055162,19,17,18,19,7.78,7.4,8.4,8.1,7,6.9,7.1,1
T150055163,14,19,19,19,8.26,8.8,8.4,8.3,6.5,6.5,6.3,1
T150055164,20,18,14,17,7.93,7.1,7.6,7.6,6.8,6.5,7.2,1
T150055165,14,16,14,16,7.93,9,8.1,8.5,5.8,5.6,5.6,0
T150055166,16,17,15,17,7.75,6.2,7.6,7.5,7.4,7.1,6.8,0
T150055167,16,18,16,15,7.82,6.7,7,7.8,6.7,5.5,6.4,0
T150055168,18,14,20,15,7.54,5.5,8.2,7.8,5.5,6,6.8,0
T150055169,17,19,20,20,7.97,6.7,7.8,7.6,6.4,5.6,6.8,1
T150055170,18,18,19,18,7.8,6.7,7.6,7.8,6.1,5.7,7.2,0
T150055171,16,20,15,15,7.75,7,7.6,8.1,6.2,7.1,5.9,0
T150055172,14,20,14,18,8.38,7.3,7.8,8.1,6.5,5.9,5.5,0
T150055173,16,19,14,17,8.32,6.3,7.7,8.4,6.5,7.4,7.4,1
T150055174,14,16,18,17,7.59,7.3,8.2,7.8,5.9,6.3,6.2,0
T150055175,17,20,19,14,7.78,6.9,7.7,7.8,6.7,7.2,7.2,1
T150055176,15,19,19,19,8.1,6.8,7.9,8,5.6,6.9,6.6,0
T150055177,20,18,19,14,7.67,6.3,8.1,8,6.6,7,7.3,0
T150055178,18,14,15,16,7.66,6.4,8.3,8,6.6,6.4,6.1,0
T150055179,17,15,18,15,7.66,6.2,8.4,7.5,7.4,5.5,5.5,0
T150055180,16,15,14,15,7.66,5.7,8.1,8,5.9,5.7,6.9,0
T150055181,19,18,20,18,7.54,6.2,8.3,7.7,7.4,6.7,6.8,0
T150055182,14,20,16,20,8.18,6.8,7.5,8,5.8,5.9,5.7,0
T150055183,15,19,19,17,8.04,6.1,7.7,7.6,6.9,5.9,5.8,0
T150055184,19,20,16,20,8.41,6.3,7.7,7.9,7.3,7.1,6.2,1
T150055185,17,18,18,16,7.64,6.4,8.1,7.5,7.4,6.4,7.4,0
T150055186,15,16,14,17,8.12,5.7,7.8,8.3,6.9,6.4,6.6,0
T150055187,15,17,14,16,8.04,5.8,7.6,7.5,5.7,5.8,5.6,0
T150055188,17,20,15,19,7.85,7,8.2,7.7,6.1,6,7.3,0
T150055189,18,18,15,20,8.16,6.6,7.8,7.9,6.6,7.3,5.7,1
T150055190,17,15,17,16,7.9,6.8,7.9,8.4,5.6,6.7,7.1,1
T150055191,14,20,17,19,8.2,7.3,8.1,7.6,6.2,7.5,6.3,1
T150055192,15,20,17,14,7.75,6.7,7.9,7.9,7.4,6.9,7.3,0
T150055193,20,14,17,16,7.98,5.7,7.8,7.8,6.3,5.7,6.4,0
T150055194,15,19,18,20,8.19,5.9,8,8.1,5.5,6,6.9,1
T150055195,14,17,18,17,8.35,7.3,7.6,8.1,7,6.8,6.5,0
T150055196,15,16,19,14,8.29,7.2,7.8,8,6.2,5.6,7.3,0
T150055197,20,16,18,16,8.41,5.7,7.7,7.6,6.4,7,7.3,0
T150055198,15,16,14,17,7.68,7.4,8.2,8,6.9,6.8,5.9,0
T150055199,14,15,15,18,8.32,5.6,7.7,8.3,5.6,6.1,6.9,0
T150055200,14,20,18,15,8.04,7,7.7,8.4,6,6.8,5.7,0
T150055201,16,20,18,17,7.82,6.6,7.7,8.2,5.5,6.9,7,1
T150055202,18,14,16,18,8.37,6,7.8,8,6.3,6.4,5.7,0
T150055203,18,18,14,20,8.03,7.1,8.5,7.5,7.5,6.2,6.9,0
T150055204,16,20,14,19,8.25,7.1,7.8,7.5,7.1,7.2,5.7,0
T150055205,16,19,17,17,8.17,7.2,7.9,8,7.4,5.6,9.1,1
T150055206,16,15,17,16,8.41,6.8,8.5,7.9,5.6,7.4,6.9,0
T150055207,17,19,15,16,8.34,6.9,8,8.4,7.3,6.1,6.5,1
T150055208,14,20,14,18,8.43,6.9,8,7.7,6.2,6,7,0
T150055209,15,14,18,18,7.7,6.2,8.2,8.4,5.8,7.4,8.3,1
T150055210,16,14,15,19,7.94,6.7,8,7.6,7.4,6.7,5.6,1
T150055211,20,19,15,15,7.58,6.1,8.2,7.8,6.5,5.6,6.1,0
T150055212,17,17,20,17,8.13,7.1,8.1,7.8,6.2,6.4,7.3,0
T150055213,19,17,17,19,7.56,6.9,8.3,8.5,5.8,5.7,8.1,1
T150055214,17,14,16,17,7.59,5.5,8.1,7.9,5.9,6.1,5.9,0
T150055215,16,20,14,14,8.29,6.5,7.6,7.5,7.2,6.5,5.6,0
T150055216,17,14,20,20,8.2,5.9,7.9,7.5,5.5,6.7,7.1,0
T150055217,18,20,17,14,8.34,5.6,8,8.4,5.9,6.4,8.3,1
T150055218,20,14,19,14,7.83,6,8.2,8,5.8,6.6,7,0
T150055219,14,18,20,17,7.78,7.3,7.8,7.9,7.1,6.9,6.3,0
T150055220,16,18,16,19,7.78,7.1,8.5,8.4,5.7,5.6,8.2,1
T150055221,18,19,18,15,8.26,7.2,8.4,8.3,6.8,7.1,6.3,1
T150055222,16,20,19,15,8.49,7.2,8.5,8.5,6.2,6.2,7,1
T150055223,17,15,19,16,8,7.1,8,7.8,5.6,6.9,6.6,0
T150055224,20,17,15,20,7.54,5.7,8.1,8.5,6.8,7.4,6.3,1
T150055225,18,17,19,14,7.56,6.1,8.1,8,7.1,5.9,5.7,0
T150055226,20,15,20,18,8.05,6.9,8.4,8.3,6.9,7.4,6.6,1
T150055227,16,18,20,20,8.35,6.2,8.2,7.9,6.9,5.6,7.2,1
T150055228,14,15,18,17,7.58,7.2,7.6,8.4,6.1,5.7,5.5,0
T150055229,14,12,19,15,7.9,5.8,8.5,8.3,6.6,6.7,6.4,1
T150055230,11,15,20,16,8.9,6.8,9.5,9.3,7.6,7.7,7.4,1
T150055231,12,17,21,17,9.6,7.8,7.9,9,8.6,8.1,8.4,1
T150055232,16,24,22,18,8.9,8.8,9.3,7.9,8.3,8.3,9.4,0
T150055233,19,12,23,19,6.9,9.8,7.9,9.2,7.4,7.2,6.9,1
T150055234,24,23,22,25,8.75,8.7,8.8,8.8,8,9.3,8.6,1
T150055235,21,23,21,25,8.95,8,8.7,9,8.3,8.7,9.2,1
T150055236,24,21,22,25,8.77,8.1,9.4,9.2,8.1,9.4,8.7,1
T150055237,22,21,25,23,9.3,8.9,8.5,8.7,7.7,9.2,7.7,1
T150055238,24,25,25,21,9.14,7.8,9.4,9.1,8.8,8.3,8.3,1
T150055239,24,24,21,23,8.67,8.2,8.8,9.4,8.7,9.5,8.8,0
T150055240,24,21,22,21,8.95,8.9,8.7,9.4,9,9.2,9.4,1
T150055241,24,23,22,22,8.59,8.6,9.4,9,9.3,8.9,9.4,1
T150055242,25,21,21,22,8.79,9.1,8.7,8.6,7.7,7.6,7.7,1
T150055243,25,21,22,22,8.9,8.4,8.5,9.4,9.4,7.9,8.1,1
T150055244,21,24,21,24,9.26,9.3,9.4,8.7,7.6,8.3,9.1,1
T150055245,22,24,22,22,8.89,8.6,9.4,9.4,8.6,8.7,7.9,1
T150055246,23,22,25,21,8.89,7.6,8.7,9,8.9,9.3,8,1
T150055247,24,25,24,21,8.8,7.5,8.6,9.3,9.1,8.7,8,1
T150055248,25,23,22,24,9.23,8,8.7,8.9,7.6,9.3,9.3,1
T150055249,21,24,23,22,9.12,8.3,8.6,9.4,7.5,8.7,8.9,1
T150055250,22,22,25,22,8.97,9,8.7,8.5,7.7,8.4,7.9,1
T150055251,21,24,25,25,9.19,8.8,9.5,8.8,8.6,8.3,9.1,1
T150055252,22,22,22,21,9.45,9,8.5,9.2,8.4,9.4,8,1
T150055253,21,25,21,22,8.97,9,8.7,8.8,9.4,8.4,8.3,1
T150055254,21,22,21,22,9.37,7.6,9.2,9.2,9.2,9.1,9.2,1
T150055255,21,23,25,22,8.85,7.6,9.4,9.2,8.4,9,8.7,1
T150055256,22,22,24,24,8.78,8.4,9.3,9.4,7.7,9.2,9.3,1
T150055257,24,23,25,25,8.97,9,9,8.9,9.2,9.5,7.9,1
T150055258,22,21,25,23,8.97,8.7,8.8,8.5,8.8,8,8,1
T150055259,25,21,23,23,8.51,7.9,9.3,9.3,8.4,8.6,9,1
T150055260,23,21,21,24,8.78,8.1,8.6,9.5,8.2,8.7,9,1
T150055261,25,21,24,21,8.92,7.5,8.9,9.2,7.8,7.9,8,1
T150055262,24,22,23,24,9.16,8.2,8.8,9.2,8.5,7.5,9,1
T150055263,24,24,24,24,9.34,7.5,9,8.9,8.5,8.7,8.4,1
T150055264,21,23,23,21,8.79,7.7,8.8,9.4,9.2,7.5,8.7,1
T150055265,25,25,23,22,9.19,7.9,8.7,8.8,7.7,7.6,8.4,1
T150055266,22,25,24,23,9.35,8.4,9.4,8.8,8.9,9.1,8.4,1
T150055267,25,23,21,22,8.51,8.7,8.8,9.4,8,7.6,8,1
T150055268,21,23,24,25,8.82,7.8,9.3,9,8.6,8.1,8.7,1
T150055269,22,25,24,21,8.59,7.9,9.4,9.1,9,8.3,8.8,1
T150055270,21,21,23,22,8.5,7.9,9.2,9.3,8.9,7.7,8.1,1
T150055271,18,18,19,14,8.29,7.5,7.7,8.4,5.9,6.1,7.4,0
T150055272,17,14,17,19,8.11,7,8.1,7.6,6.9,6.2,7.4,1
T150055273,24,25,23,21,8.62,7.8,9,8.8,7.9,8.1,7.8,1
T150055274,23,25,21,21,8.92,9.1,9.3,9.2,8.6,8.5,8.1,0
T150055275,23,24,24,22,8.54,8.1,8.6,9.1,8.8,8.1,7.9,0
T150055276,11,12,21,21,4,4.5,5.6,6.4,6,5,8.6,0
T150055277,11,11,14,12,8.95,8,5.5,6.8,7.8,6.1,4.8,0
T150055278,24,21,22,25,8.77,8.1,9.4,9.2,8.1,9.4,8.7,1
T150055279,22,21,25,23,9.3,8.9,8.5,8.7,7.7,9.2,7.7,1
T150055280,24,25,25,21,9.14,7.8,9.4,9.1,8.8,8.3,8.3,1
T150055281,24,24,21,23,8.67,8.2,8.8,9.4,8.7,9.5,8.8,1
T150055282,24,21,22,21,8.95,8.9,8.7,9.4,9,9.2,9.4,1
T150055283,24,23,22,22,8.59,8.6,9.4,9,9.3,8.9,9.4,1
T150055284,25,21,21,22,8.79,9.1,8.7,8.6,7.7,7.6,7.7,1
T150055285,25,21,22,22,8.9,8.4,8.5,9.4,9.4,7.9,8.1,1
T150055286,21,24,21,24,9.26,9.3,9.4,8.7,7.6,8.3,9.1,1
T150055287,22,24,22,22,8.89,8.6,9.4,9.4,8.6,8.7,7.9,1
T150055288,23,22,25,21,8.89,7.6,8.7,9,8.9,9.3,8,1
T150055289,24,25,24,21,8.8,7.5,8.6,9.3,9.1,8.7,8,1
T150055290,25,23,22,24,9.23,8,8.7,8.9,7.6,9.3,9.3,1
T150055291,21,24,23,22,9.12,8.3,8.6,9.4,7.5,8.7,8.9,0
T150055292,22,22,25,22,8.97,9,8.7,8.5,7.7,8.4,7.9,0
T150055293,21,24,25,25,9.19,8.8,9.5,8.8,8.6,8.3,9.1,1
T150055294,22,22,22,21,9.45,9,8.5,9.2,8.4,9.4,8,1
T150055295,21,25,21,22,8.97,9,8.7,8.8,9.4,8.4,8.3,1
T150055296,21,22,21,22,9.37,7.6,9.2,9.2,9.2,9.1,9.2,1
T150055297,21,23,25,22,8.85,7.6,9.4,9.2,8.4,9,8.7,1
T150055298,22,22,24,24,8.78,8.4,9.3,9.4,7.7,9.2,9.3,1
T150055299,24,23,25,25,8.97,9,9,8.9,9.2,9.5,7.9,1
T150055300,22,21,25,23,8.97,8.7,8.8,8.5,8.8,8,8,1
T150055301,25,21,23,23,8.51,7.9,9.3,9.3,8.4,8.6,9,1
T150055302,23,21,21,24,8.78,8.1,8.6,9.5,8.2,8.7,9,1
T150055303,25,21,24,21,8.92,7.5,8.9,9.2,7.8,7.9,8,1
T150055304,24,22,23,24,9.16,8.2,8.8,9.2,8.5,7.5,9,1
T150055305,24,24,24,24,9.34,7.5,9,8.9,8.5,8.7,8.4,1
T150055306,21,23,23,21,8.79,7.7,8.8,9.4,9.2,7.5,8.7,1
T150055307,25,25,23,22,9.19,7.9,8.7,8.8,7.7,7.6,8.4,1
T150055308,22,25,24,23,9.35,8.4,9.4,8.8,8.9,9.1,8.4,0
T150055309,25,23,21,22,8.51,8.7,8.8,9.4,8,7.6,8,0
T150055310,21,23,24,25,8.82,7.8,9.3,9,8.6,8.1,8.7,0
T150055311,22,25,24,21,8.59,7.9,9.4,9.1,9,8.3,8.8,1
T150055312,21,12,12,19,8.2,7.9,5.6,5.3,6.7,8.1,5.0 ,0
T150055313,8,12,8,11,8.17,3.5,6.8,8.8,8,8.3,8.6,1
T150055314,12,14,14,10,8.95,5.5,6.4,8.7,8,8.3,8.5,1
T150055315,10,13,9,10,7.22,3.7,7.5,6.9,5.1,5,5.3,0
T150055316,8,12,9,11,6.85,4.3,6.6,6.4,2.9,4.8,4.7,0
T150055317,14,12,14,14,7.36,5.4,5.5,6.6,5.4,2.1,5,0
T150055318,14,13,9,14,7.38,5,6.9,5.6,3.9,2.1,4.5,0
T150055319,12,13,14,11,6.89,4,5.5,5.8,5,4.5,5.3,0
T150055320,13,14,11,11,8.57,4.9,5.7,6.9,8,8.4,8.7,1
T150055321,10,11,8,14,8.98,3,5.6,9,8,8.8,8,1
T150055322,8,9,9,14,8.84,4.9,6.4,8,8,8.9,8,1
T150055323,12,7,9,14,8.54,4.3,6,5.8,2.5,8,4.6,1
T150055324,12,8,11,7,6.54,3.9,7.3,6.9,4.1,3.8,4.3,0
T150055325,11,8,8,12,6.72,3.4,6,6.9,4.8,3.1,4.7,0
T150055326,13,10,12,12,7.17,3.3,5.9,7.4,3.1,4.9,8.3,1
T150055327,12,10,9,12,6.83,2.5,6.3,8.9,8,8,8,1
T150055328,12,14,10,10,7.45,2.7,6.7,6.8,4.6,3.2,4.5,0
T150055329,8,8,8,13,6.6,2.9,5.8,6.1,5.1,2,4.7,0
T150055330,13,11,12,14,8.25,8,8,8,8,8,8.3,1
T150055331,8,12,7,9,7.14,2.9,6.8,6.1,2.8,2.3,5.2,0
T150055332,9,14,10,13,7.26,3.8,5.6,7.3,3.4,4.8,4.8,0
T150055333,11,8,9,10,8.06,8.5,8,8,8,8,8.7,1
T150055334,13,7,14,12,7.26,4.6,7,6.9,2.7,2.3,5,0
T150055335,13,7,7,13,6.98,4.8,5.9,7.1,4.8,4.8,5.2,0
T150055336,11,8,14,9,7.15,4.1,7.1,5.6,5,5.1,5.2,0
T150055337,8,8,12,9,6.82,3.1,5.5,5.9,3.7,2.9,5.5,0
T150055338,11,10,10,12,7.1,2.5,5.6,7.4,3.3,5.4,4.5,0
T150055339,12,14,10,8,7.07,5,5.8,6.7,5.1,4.5,4.4,0
T150055340,9,7,12,11,7.19,3.5,6.2,6.4,3.3,3.2,4.6,0
T150055341,10,12,14,12,6.86,3.8,6.5,6.8,3.8,4.7,5.2,0
T150055342,7,10,11,14,6.58,5.2,5.9,6.9,4.8,2.8,4.4,0
T150055343,12,8,8,9,7.2,4.1,6.8,5.6,5.1,3.8,5,0
T150055344,7,9,8,9,6.95,3.5,6.9,6.5,5.2,3,4.5,0
T150055345,14,11,10,9,8.53,8.2,7.5,6.7,7.8,8.8,9.8,1
T150055346,14,8,14,12,7.5,8.1,5.7,5.6,7.2,2.7,3.5,0
T150055347,8,13,10,10,8.29,3.4,5,6.7,7.3,6.6,8.5,0
T150055348,14,10,10,9,7.06,2.7,6.6,5.6,3.1,3.1,5.1,0
T150055349,9,12,7,13,8.28,8.9,8,8,8,8,8.3,1
T150055350,13,7,12,8,6.53,3.5,5.7,5.8,5.3,2.6,4.5,0
T150055351,14,7,7,9,7.46,2.8,5.5,7,4.9,5.4,4.7,0
T150055352,10,7,10,12,7.17,4,7.4,7.3,4.1,3.1,4.7,0
T150055353,7,14,12,12,6.57,4.8,6.8,5.5,3.9,5.2,5.1,0
T150055354,7,7,14,10,7.41,4.9,7.1,5.6,4.1,4.5,4.4,0
T150055355,11,13,11,12,6.57,3,5.6,7.5,3.7,3.2,4.4,0
T150055356,11,13,14,11,8.28,3.9,6.7,6.5,7.8,7.5,8.5,0
T150055357,13,11,8,11,6.95,3.4,5.6,6.3,3.8,4,5.2,0
T150055358,7,13,7,8,6.78,4.2,6.1,5.8,3.8,2,4.7,0
T150055359,8,11,12,11,8.89,8,8,8,8,8,8,1
T150055360,17,18,17,17,8.43,8.1,8,8,8,8,8,1
T150055361,17,17,17,14,8.18,6.7,8.1,7.9,7.1,6.8,7.1,1
T150055362,20,14,20,20,7.78,5.5,8.4,7.9,7.3,6.7,7.2,1
T150055363,19,20,14,14,7.63,6.4,8.3,8.5,6.5,6.9,6,0
T150055364,14,14,18,19,7.81,7.1,8,8.1,6.9,6.4,7.1,0
T150055365,16,15,17,18,8.01,6.9,8,7.5,7.4,7.4,7.1,0
T150055366,18,20,14,15,7.92,8.3,6.7,7.8,8.3,7.8,9.8,1
T150055367,19,18,15,20,7.78,6.3,8.4,8.2,6.7,7.5,8,1
T150055368,16,19,17,20,8.4,5.6,7.7,7.9,6.9,5.8,5.5,0
T150055369,14,19,17,20,8.32,5.8,7.7,7.9,6.2,6.9,6.6,0
T150055370,19,20,14,19,7.54,6.1,7.7,8.3,7.4,5.7,5.6,0
T150055371,20,15,14,17,8.49,6.5,8.2,8,6.8,5.6,5.6,0
T150055372,15,14,11,16,7.8,8.2,7.8,6.7,4.5,3.4,5.6,0
T150055373,18,15,19,16,8.26,6.1,8.3,7.5,6.2,7.2,5.8,0
T150055374,14,20,15,17,7.93,5.7,8.3,7.5,5.5,6.1,7.1,0
T150055375,20,16,18,16,8.41,5.7,7.7,7.6,6.4,7,7.3,0
T150055376,15,16,14,17,7.68,7.4,8.2,8,6.9,6.8,5.9,1
T150055377,14,15,15,18,8.32,5.6,7.7,8.3,5.6,6.1,6.9,0
T150055378,14,20,18,15,8.04,7,7.7,8.4,6,6.8,5.7,0
T150055379,16,20,18,17,7.82,6.6,7.7,8.2,5.5,6.9,7,1
T150055380,18,14,16,18,8.37,6,7.8,8,6.3,6.4,5.7,0
T150055381,18,18,14,20,8.03,7.1,8.5,7.5,7.5,6.2,6.9,0
T150055382,16,20,14,19,8.25,7.1,7.8,7.5,7.1,7.2,5.7,0
T150055383,16,19,17,17,8.17,7.2,7.9,8,7.4,5.6,9.1,1
T150055384,16,15,17,16,8.41,6.8,8.5,7.9,5.6,7.4,6.9,0
T150055385,17,19,15,16,8.34,6.9,8,8.4,7.3,6.1,6.5,1
T150055386,14,20,14,18,8.43,6.9,8,7.7,6.2,6,7,0
T150055387,15,14,18,18,7.7,6.2,8.2,8.4,5.8,7.4,8.3,1
T150055388,16,14,15,19,7.94,6.7,8,7.6,7.4,6.7,5.6,1
T150055389,20,19,15,15,7.58,6.1,8.2,7.8,6.5,5.6,6.1,0
T150055390,17,17,20,17,8.13,7.1,8.1,7.8,6.2,6.4,7.3,0
T150055391,19,17,17,19,7.56,6.9,8.3,8.5,5.8,5.7,8.1,1
T150055392,17,14,16,17,7.59,5.5,8.1,7.9,5.9,6.1,5.9,1
T150055393,16,20,14,14,8.29,6.5,7.6,7.5,7.2,6.5,5.6,1
T150055394,17,14,20,20,8.2,5.9,7.9,7.5,5.5,6.7,7.1,0
T150055395,18,20,17,14,8.34,5.6,8,8.4,5.9,6.4,8.3,1
T150055396,20,14,19,14,7.83,6,8.2,8,5.8,6.6,7,0
T150055397,14,18,20,17,7.78,7.3,7.8,7.9,7.1,6.9,6.3,0
T150055398,16,18,16,19,7.78,7.1,8.5,8.4,5.7,5.6,8.2,1
T150055399,18,19,18,15,8.26,7.2,8.4,8.3,6.8,7.1,6.3,0
T150055400,16,20,19,15,8.49,7.2,8.5,8.5,6.2,6.2,7,0
T150055401,17,15,19,16,8,7.1,8,7.8,5.6,6.9,6.6,0
T150055402,20,17,15,20,7.54,5.7,8.1,8.5,6.8,7.4,6.3,1
T150055403,18,17,19,14,7.56,6.1,8.1,8,7.1,5.9,5.7,0
T150055404,20,15,20,18,8.05,6.9,8.4,8.3,6.9,7.4,6.6,1
T150055405,16,18,20,20,8.35,6.2,8.2,7.9,6.9,5.6,7.2,1
T150055406,14,15,18,17,7.58,7.2,7.6,8.4,6.1,5.7,5.5,0
T150055407,14,17,19,15,7.9,5.8,8.5,5,6.6,7.2,6.4,0
T150055408,12,10,11,18,8.8,4.9,5.6,7.3,8.8,8.3,9.4,1
T150055409,11,11,10,8,9.63,3.4,6.6,7.5,8,8,5.4,1
T150055410,14,13,8,8,6.55,4.5,6.5,6.9,3.3,4.1,4.6,0
T150055411,10,7,7,10,7.27,3.1,5.6,6.7,4.6,2.7,4.4,0
T150055412,12,9,12,11,6.9,2.9,6.2,7.1,3.5,3.7,4.6,0
T150055413,14,9,12,7,8.6,4.7,5.9,5.5,8,8.9,5.2,0
T150055414,7,13,11,13,9.37,4.3,6.2,6.9,4,5,5,0
T150055415,9,8,13,12,7.21,3,6.3,6.9,4.6,3.5,4.8,0
T150055416,13,8,9,11,7.36,2.8,5.7,5.8,2.8,1.9,4.5,0
T150055417,12,9,10,9,8.55,4.3,6.9,5.5,8,8.9,5.4,0
T150055418,13,13,12,10,7.1,4.7,6.5,6.2,4.1,4.7,5.3,0
T150055419,12,9,14,12,9,4.3,7.2,6.9,8,8.2,9.7,1
T150055420,7,14,7,11,8.99,4,6.9,5.7,8,8.2,9.6,1
T150055421,9,12,7,12,6.53,3.2,6.7,5.9,4.6,4,5.3,0
T150055422,11,7,11,8,7.33,3.3,5.6,5.8,2.8,2.4,4.5,0
T150055423,8,8,9,7,6.52,4.1,6.3,6.9,3.8,2,4.8,0
T150055424,13,13,10,8,7.18,3.8,6.6,7.2,4.9,2,5.5,0
T150055425,7,12,13,9,8.78,5.4,6.2,5.6,8,8,9.5,1
T150055426,8,12,14,8,6.99,2.9,6.8,6.2,3.4,3.3,4.6,0
T150055427,13,11,11,11,8.43,2.7,6.7,6.5,8,8.5,9.4,1
T150055428,9,8,10,14,8.57,4.2,5.9,5.8,8,8.7,4.5,1
T150055429,10,11,8,13,7.46,4.3,5.7,6.5,4.7,2.2,4.7,0
T150055430,13,12,8,9,8.96,3.6,7.3,6.5,8.8,8.9,9.6,1
T150055431,10,11,10,7,8.14,3.4,7.1,8,8,8.4,5.1,1
T150055432,14,8,10,8,8.61,2.9,6.2,8,8,8.8,4.3,1
T150055433,10,11,13,10,6.52,4.9,7,6.7,4.2,4,4.7,0
T150055434,13,23,14,8,8.68,8.3,6.9,8.6,8,8.6,8.7,1
T150055435,9,8,10,12,6.83,4.8,7,6.4,3,4.8,5.2,0
T150055436,13,7,14,13,8.83,5.3,6.2,8.8,8,7.9,9,1
T150055437,11,7,10,14,7.05,3.1,6.6,7.3,3.4,3.8,5.3,0
T150055438,14,12,12,14,7.43,5.4,6,5.9,4.6,2.2,5.3,0
T150055439,8,7,7,11,8.88,2.6,6.5,8.7,8,8.8,8,1
T150055440,15,19,19,19,8.1,6.8,7.9,8,5.6,6.9,6.6,0
T150055441,20,18,19,14,7.67,6.3,8.1,8,6.6,7,7.3,0
T150055442,14,16,15,17,7.6,5.9,7.5,7.7,6.6,6.9,6.4,0
T150055443,14,14,18,18,8.31,6,8.4,8.1,5.7,5.9,6.7,0
T150055444,20,20,17,17,8.47,6.3,8.5,8.2,7.4,5.8,7.1,1
T150055445,15,14,20,20,8.34,5.9,7.9,8.3,6.7,5.9,5.8,0
T150055446,15,17,14,17,7.9,6.1,8.1,8,6.5,6.3,6.6,0
T150055447,16,18,20,17,8.02,7.4,8.3,8.4,5.9,7.1,7.3,1
T150055448,16,16,15,16,8.12,6,7.5,8,6.1,6.4,6.4,0
T150055449,19,18,19,16,7.59,6.7,7.9,7.8,6.7,6.2,6.5,0
T150055450,14,19,17,16,8.29,7.4,8,7.6,5.7,7,5.8,0
T150055451,14,19,16,19,7.81,7.1,8.4,7.9,6.7,5.5,6,0
T150055452,14,14,17,17,8.15,6.9,7.6,8,6.6,6.9,7.4,0
T150055453,19,17,17,14,7.54,7.3,7.7,7.8,6.7,6.9,6.2,0
T150055454,19,17,18,19,7.78,7.4,8.4,8.1,7,6.9,7.1,1
T150055455,14,19,19,19,8.26,8.8,8.4,8.3,6.5,6.5,6.3,1
T150055456,20,18,14,17,7.93,7.1,7.6,7.6,6.8,6.5,7.2,1
T150055457,14,16,14,16,7.93,9,8.1,8.5,5.8,5.6,5.6,1
T150055458,16,17,15,17,7.75,6.2,7.6,7.5,7.4,7.1,6.8,0
T150055459,16,18,16,15,7.82,6.7,8.2,7.8,6.7,5.5,6.4,1
T150055460,18,14,20,15,7.54,5.5,8.2,7.8,5.5,6,6.8,1
T150055461,17,16,20,20,7.97,6.7,7.8,7.6,6.4,5.6,6.8,0
T150055462,18,18,19,18,7.8,6.7,7.6,7.8,6.1,5.7,7.2,0
T150055463,16,20,15,15,7.75,7,7.6,8.1,6.2,7.1,5.9,0
T150055464,14,20,14,18,8.38,7.3,7.8,8.1,6.5,5.9,5.5,0
T150055465,16,19,14,17,8.32,6.3,7.7,8.4,6.5,7.4,7.4,1
T150055466,14,16,18,17,7.59,7.3,8.2,7.8,5.9,6.3,6.2,0
T150055467,17,20,19,14,7.78,6.9,7.7,7.8,6.7,7.2,7.2,1
T150055468,15,19,19,19,8.1,6.8,7.9,8,5.6,6.9,6.6,0
T150055469,20,18,19,14,7.67,6.3,8.1,8,6.6,7,7.3,0
T150055470,14,16,15,17,7.6,5.9,7.5,7.7,6.6,6.9,6.4,1
T150055471,14,14,18,18,8.31,6,8.4,8.1,5.7,5.9,6.7,0
T150055472,20,20,17,17,8.47,6.3,8.5,8.2,7.4,5.8,7.1,1
T150055473,15,14,20,20,8.34,5.9,7.9,8.3,6.7,5.9,5.8,0
T150055474,15,17,14,17,7.9,6.1,8.1,8,6.5,6.3,6.6,0
T150055475,16,18,20,17,8.02,7.4,8.3,8.4,5.9,7.1,6.3,0
T150055476,16,16,15,16,8.12,6,7.5,8,6.1,6.4,6.4,0
T150055477,19,18,19,16,7.59,6.7,7.9,7.8,6.7,6.2,6.5,0
T150055478,14,19,17,16,8.29,7.4,8,7.6,5.7,7,5.8,0
T150055479,14,19,16,19,7.81,7.1,8.4,7.9,6.7,5.5,6,0
T150055480,18,16,20,18,7.85,5.9,7.7,7.8,7.2,6.1,6.6,0
T150055481,18,15,17,14,7.97,6.9,8.5,7.5,7.4,5.8,6.3,0
T150055482,19,19,20,18,8.29,6.3,8.2,8.4,7.1,5.6,7.1,0
T150055483,16,14,14,19,8.35,6.7,8.3,8,5.5,5.9,7.2,0
T150055484,18,16,14,17,8.05,6,7.5,8.4,5.9,6.9,5.9,0
T150055485,16,17,16,19,7.96,6.2,7.8,8.4,7.1,7.2,6.3,0
T150055486,21,23,21,25,8.95,8,8.7,9,8.3,8.7,9.2,0
T150055487,24,21,22,25,8.77,8.1,9.4,9.2,8.1,9.4,8.7,1
T150055488,22,21,25,23,9.3,8.9,8.5,8.7,7.7,9.2,7.7,1
T150055489,24,25,25,21,9.14,7.8,9.4,9.1,8.8,8.3,8.3,1
T150055490,24,24,21,23,8.67,8.2,8.8,9.4,8.7,9.5,8.8,1
T150055491,24,21,22,21,8.95,8.9,8.7,9.4,9,9.2,9.4,1
T150055492,24,23,22,22,8.59,8.6,9.4,9,9.3,8.9,9.4,1
T150055493,24,21,22,25,8.77,8.1,9.4,9.2,8.1,9.4,8.7,1
T150055494,22,21,25,23,9.3,8.9,8.5,8.7,7.7,9.2,7.7,1
T150055495,24,25,25,21,9.14,7.8,9.4,9.1,8.8,8.3,8.3,1
T150055496,24,24,21,23,8.67,8.2,8.8,9.4,8.7,9.5,8.8,1
T150055497,24,21,22,21,8.95,8.9,8.7,9.4,9,9.2,9.4,1
T150055498,24,23,22,22,8.59,8.6,9.4,9,9.3,8.9,9.4,1
T150055499,25,21,21,22,8.79,9.1,8.7,8.6,7.7,7.6,7.7,1
T150055500,25,21,22,22,8.9,8.4,8.5,9.4,9.4,7.9,8.1,1
T150055501,21,24,21,24,9.26,9.3,9.4,8.7,7.6,8.3,9.1,1
T150055502,22,24,22,22,8.89,8.6,9.4,9.4,8.6,8.7,7.9,1
T150055503,23,22,25,21,8.89,7.6,8.7,9,8.9,9.3,8,1
T150055504,24,25,24,21,8.8,7.5,8.6,9.3,9.1,8.7,8,1
T150055505,25,23,22,24,9.23,8,8.7,8.9,7.6,9.3,9.3,1
T150055506,21,24,23,22,9.12,8.3,8.6,9.4,7.5,8.7,8.9,1
T150055507,22,22,25,22,8.97,9,8.7,8.5,7.7,8.4,7.9,1
T150055508,21,24,25,25,9.19,8.8,9.5,8.8,8.6,8.3,9.1,1
T150055509,22,22,22,21,9.45,9,8.5,9.2,8.4,9.4,8,1
T150055510,21,25,21,22,8.97,9,8.7,8.8,9.4,8.4,8.3,1
T150055511,21,22,21,22,9.37,7.6,9.2,9.2,9.2,9.1,9.2,1
T150055512,21,23,25,22,8.85,7.6,9.4,9.2,8.4,9,8.7,1
T150055513,22,22,24,24,8.78,8.4,9.3,9.4,7.7,9.2,9.3,1
T150055514,24,23,25,25,8.97,9,9,8.9,9.2,9.5,7.9,1
T150055515,22,21,25,23,8.97,8.7,8.8,8.5,8.8,8,8,1
T150055516,25,21,23,23,8.51,7.9,9.3,9.3,8.4,8.6,9,1
T150055517,23,21,21,24,8.78,8.1,8.6,9.5,8.2,8.7,9,1
T150055518,25,21,24,21,8.92,7.5,8.9,9.2,7.8,7.9,8,1
T150055519,24,22,23,24,9.16,8.2,8.8,9.2,8.5,7.5,9,1
T150055520,24,24,24,24,9.34,7.5,9,8.9,8.5,8.7,8.4,1
T150055521,21,23,23,21,8.79,7.7,8.8,9.4,9.2,7.5,8.7,0
T150055522,25,25,23,22,9.19,7.9,8.7,8.8,7.7,7.6,8.4,1
T150055523,22,25,24,23,9.35,8.4,9.4,8.8,8.9,9.1,8.4,0
T150055524,25,23,21,22,8.51,8.7,8.8,9.4,8,7.6,8,1
T150055525,21,23,24,25,8.82,7.8,9.3,9,8.6,8.1,8.7,1
T150055526,22,25,24,21,8.59,7.9,9.4,9.1,9,8.3,8.8,1
T150055527,21,21,23,22,8.5,7.9,9.2,9.3,8.9,7.7,8.1,1
T150055528,20,16,18,16,8.41,5.7,7.7,7.6,6.4,7,7.3,0
T150055529,15,16,14,17,7.68,7.4,8.2,8,6.9,6.8,5.9,0
T150055530,14,15,15,18,8.32,5.6,7.7,8.3,5.6,6.1,6.9,0
T150055531,14,20,18,15,8.04,7,7.7,8.4,6,6.8,5.7,0
T150055532,16,20,18,17,7.82,6.6,7.7,8.2,5.5,6.9,7,0
T150055533,18,14,16,18,8.37,6,7.8,8,6.3,6.4,5.7,0
T150055534,18,18,14,20,8.03,7.1,8.5,7.5,7.5,6.2,6.9,0
T150055535,16,20,14,19,8.25,7.1,7.8,7.5,7.1,7.2,5.7,0
T150055536,16,19,17,17,8.17,7.2,7.9,8,7.4,5.6,9.1,1
T150055537,16,15,17,16,8.41,6.8,8.5,7.9,5.6,7.4,6.9,0
T150055538,17,19,15,16,8.34,6.9,8,5.6,7.3,6.1,6.5,0
T150055539,14,20,14,18,8.43,6.9,8,7.7,6.2,6,7,0
T150055540,15,14,18,18,7.7,6.2,8.2,8.4,5.8,7.4,8.3,1
T150055541,16,14,15,19,7.94,6.7,8,7.6,7.4,6.7,5.6,0
T150055542,20,19,15,15,7.58,6.1,8.2,7.8,6.5,5.6,6.1,0
T150055543,17,17,20,17,8.13,7.1,8.1,7.8,6.2,6.4,7.3,0
T150055544,19,17,17,19,7.56,6.9,8.3,8.5,5.8,5.7,8.1,1
T150055545,17,14,16,17,7.59,5.5,8.1,7.9,5.9,6.1,5.9,1
T150055546,16,20,14,14,8.29,6.5,7.6,7.5,7.2,6.5,5.6,1
T150055547,17,14,20,20,8.2,5.9,7.9,7.5,5.5,6.7,7.1,0
T150055548,18,20,17,14,8.34,5.6,8,8.4,5.9,6.4,8.3,1
T150055549,20,14,19,14,7.83,6,8.2,8,5.8,6.6,7,0
T150055550,14,18,20,17,7.78,7.3,7.8,7.9,7.1,6.9,6.3,0
T150055551,16,18,16,19,7.78,7.1,8.5,8.4,5.7,5.6,8.2,1
T150055552,18,19,18,15,8.26,7.2,8.4,8.3,6.8,7.1,6.3,0
T150055553,16,20,19,15,8.49,7.2,8.5,8.5,6.2,6.2,7,0
T150055554,17,15,19,16,8,7.1,8,7.8,5.6,6.9,6.6,0
T150055555,20,17,15,20,3.4,5.7,8.1,8.5,6.8,7.4,6.3,0
T150055556,18,17,19,14,7.56,6.1,8.1,8,7.1,5.9,5.7,0
T150055557,20,15,20,18,8.05,6.9,8.4,4.9,6.9,7.4,6.6,0
T150055558,16,18,20,20,8.35,6.2,8.2,7.9,6.9,5.6,7.2,1
T150055559,14,15,18,17,7.58,7.2,7.6,8.4,6.1,5.7,5.5,0
T150055560,14,17,19,15,7.9,5.8,8.5,8.3,6.6,7.2,6.4,1
T150055561,14,20,17,19,8.2,7.3,8.1,7.6,6.2,5.5,6.3,0
T150055562,15,20,17,14,7.75,6.7,7.9,7.9,7.4,6.9,7.3,0
T150055563,20,14,17,16,7.98,5.7,7.8,7.8,6.3,5.7,6.4,0
T150055564,15,19,18,20,8.19,5.9,8,8.1,5.5,6,6.9,0
T150055565,14,17,18,17,8.35,7.3,7.6,8.1,7,6.8,6.5,0
T150055566,15,16,19,14,8.29,7.2,7.8,8,6.2,5.6,7.3,0
T150055567,15,16,15,14,8.5,5.8,8,7.5,6.8,6.3,6.4,0
T150055568,15,14,18,14,7.94,5.6,8.3,8.1,7.3,7.1,6.8,0
T150055569,17,15,16,20,8.41,6.6,8.2,7.7,6.9,6,6,0
T150055570,16,18,20,15,7.53,7,8,8.3,6.5,6.4,7.2,0
T150055571,18,20,15,19,7.87,6,8.3,7.6,7.3,7.3,6.8,1
T150055572,17,19,18,17,8.24,6.6,7.7,8.4,5.5,7,6.6,0
T150055573,18,16,19,20,8.29,6.7,7.7,8.5,5.9,7.2,6,0
T150055574,14,16,15,17,7.6,5.9,7.5,7.7,6.6,6.9,6.4,1
T150055575,14,14,18,18,8.31,6,8.4,8.1,5.7,5.9,6.7,1
T150055576,20,20,17,17,8.47,6.3,8.5,8.2,7.4,5.8,7.1,0
T150055577,15,14,20,20,8.34,5.9,7.9,8.3,6.7,5.9,5.8,0
T150055578,15,17,14,17,7.9,6.1,8.1,8,6.5,6.3,6.6,0
T150055579,16,18,20,17,8.02,7.4,8.3,8.4,5.9,7.1,7.3,1
T150055580,16,16,15,16,8.12,6,7.5,8,6.1,6.4,6.4,0
T150055581,19,18,19,16,7.59,6.7,7.9,7.8,6.7,6.2,6.5,0
T150055582,14,19,17,16,8.29,7.4,8,7.6,5.7,7,5.8,1
T150055583,14,19,16,19,7.81,7.1,8.4,7.9,6.7,5.5,6,0
T150055584,18,16,20,18,7.85,5.9,7.7,7.8,7.2,6.1,6.6,1
T150055585,18,15,17,14,7.97,6.9,8.5,7.5,7.4,5.8,6.3,0
T150055586,19,19,20,18,8.29,6.3,8.2,8.4,7.1,5.6,7.1,0
T150055587,16,14,14,19,8.35,6.7,8.3,8,5.5,5.9,7.2,0
T150055588,18,16,14,17,8.05,6,7.5,8.4,5.9,6.9,5.9,1
T150055589,16,17,16,19,7.96,6.2,7.8,8.4,7.1,7.2,6.3,1
T150055590,18,18,19,14,8.29,7.5,7.7,8.4,5.9,6.1,7.4,0
T150055591,17,14,17,19,8.11,7,8.1,7.6,6.9,6.2,7.4,1
T150055592,24,25,23,21,8.62,7.8,9,8.8,7.9,8.1,7.8,1
T150055593,23,25,21,21,8.92,9.1,9.3,9.2,8.6,8.5,8.1,0
T150055594,23,24,24,22,8.54,8.1,8.6,9.1,8.8,8.1,7.9,0
T150055595,24,24,22,25,8.75,8.7,8.8,8.8,8,9.3,8.6,0
T150055596,21,23,21,25,8.95,8,8.7,9,8.3,8.7,9.2,0
T150055597,24,21,22,25,8.77,8.1,9.4,9.2,8.1,9.4,8.7,1
T150055598,22,21,25,23,9.3,8.9,8.5,8.7,7.7,9.2,7.7,0
T150055599,24,25,25,21,9.14,7.8,9.4,9.1,8.8,8.3,8.3,1
T150055600,15,17,14,16,8.04,5.8,7.6,7.5,5.7,5.8,5.6,0
T150055601,17,20,15,19,7.85,7,8.2,7.7,6.1,6,7.3,0
T150055602,18,18,15,20,8.16,6.6,7.8,7.9,6.6,7.3,5.7,1
T150055603,17,15,17,16,7.9,6.8,7.9,8.4,5.6,6.7,7.1,1
T150055604,14,20,17,19,8.2,7.3,8.1,7.6,6.2,7.5,6.3,1
T150055605,15,20,17,14,7.75,6.7,7.9,7.9,7.4,6.9,7.3,0
T150055606,20,14,17,16,7.98,5.7,7.8,7.8,6.3,5.7,6.4,0
T150055607,15,19,18,20,8.19,5.9,8,8.1,5.5,6,6.9,1
T150055608,14,17,18,17,8.35,7.3,7.6,8.1,7,6.8,6.5,0
T150055609,15,16,19,14,8.29,7.2,7.8,8,6.2,5.6,7.3,0
T150055610,15,16,15,14,8.5,5.8,8,7.5,6.8,6.3,6.4,0
T150055611,15,14,18,14,7.94,5.6,8.3,8.1,7.3,7.1,6.8,0
T150055612,17,15,16,20,8.41,6.6,8.2,7.7,6.9,8,8,1
T150055613,16,18,20,15,7.53,7,8,8.3,6.5,6.4,7.2,0
T150055614,18,20,15,19,7.87,6,8.3,7.6,7.3,7.3,6.8,1
T150055615,17,19,18,17,8.24,6.6,7.7,8.4,5.5,7,6.6,0
T150055616,18,16,19,20,8.29,6.7,7.7,8.5,5.9,7.2,6,0
T150055617,14,16,15,17,7.6,5.9,7.5,7.7,6.6,6.9,6.4,1
T150055618,14,14,18,18,8.31,6,8.4,8.1,5.7,5.9,6.7,1
T150055619,20,20,17,17,8.47,6.3,8.5,8.2,7.4,5.8,7.1,1
T150055620,15,14,20,20,8.34,5.9,7.9,8.3,6.7,5.9,5.8,0
T150055621,15,17,14,17,7.9,6.1,8.1,8,6.5,6.3,6.6,0
T150055622,16,18,20,17,8.02,7.4,8.3,8.4,5.9,7.1,7.3,1
T150055623,16,16,15,16,8.12,6,7.5,8,6.1,6.4,6.4,0
T150055624,19,18,19,16,7.59,6.7,7.9,7.8,6.7,6.2,6.5,0
T150055625,14,19,17,16,8.29,7.4,8,7.6,5.7,7,5.8,1
T150055626,14,19,16,19,7.81,7.1,8.4,7.9,6.7,5.5,6,0
T150055627,18,16,20,18,7.85,5.9,7.7,7.8,7.2,6.1,6.6,0
T150055628,18,15,17,14,7.97,6.9,8.5,7.5,7.4,5.8,6.3,1
T150055629,19,19,20,18,8.29,6.3,8.2,8.4,7.1,5.6,7.1,0
T150055630,16,14,14,19,8.35,6.7,8.3,8,5.5,5.9,7.2,0
T150055631,18,16,14,17,8.05,6,7.5,8.4,5.9,6.9,5.9,1
T150055632,16,17,16,19,7.96,6.2,7.8,8.4,7.1,7.2,6.3,0
T150055633,18,18,19,14,8.29,7.5,7.7,8.4,5.9,6.1,7.4,0
T150055634,17,14,17,19,8.11,7,8.1,7.6,6.9,6.2,7.4,1
T150055635,24,25,23,21,8.62,7.8,9,8.8,7.9,8.1,7.8,1
T150055636,23,25,21,21,8.92,9.1,9.3,9.2,8.6,8.5,8.1,0
T150055637,23,24,24,22,8.54,8.1,8.6,9.1,8.8,8.1,7.9,0
T150055638,24,24,22,25,8.75,8.7,8.8,8.8,8,9.3,8.6,1
T150055639,21,23,21,25,8.95,8,8.7,9,8.3,8.7,9.2,1
T150055640,24,21,22,25,8.77,8.1,9.4,9.2,8.1,9.4,8.7,1
T150055641,22,21,25,23,9.3,8.9,8.5,8.7,7.7,9.2,7.7,1
T150055642,24,25,25,21,9.14,7.8,9.4,9.1,8.8,8.3,8.3,1
T150055643,24,24,21,23,8.67,8.2,8.8,9.4,8.7,9.5,8.8,1
T150055644,24,21,22,21,8.95,8.9,8.7,9.4,9,9.2,9.4,1
T150055645,24,23,22,22,8.59,8.6,9.4,9,9.3,8.9,9.4,1
T150055646,25,21,21,22,8.79,9.1,8.7,8.6,7.7,7.6,7.7,1
T150055647,25,21,22,22,8.9,8.4,8.5,9.4,9.4,7.9,8.1,1
T150055648,21,24,21,24,9.26,9.3,9.4,8.7,7.6,8.3,9.1,1
T150055649,17,14,16,14,8.18,6.3,8.4,7.8,5.7,5.6,7.5,1
T150055650,14,14,14,20,7.5,5.9,8.3,7.8,5.5,6.2,6.9,1
T150055651,17,15,20,19,7.92,7.2,8.4,8.1,6.7,6,6.3,0
T150055652,19,17,16,19,7.57,5.7,8.2,7.5,5.5,6.3,7,0
T150055653,16,14,16,19,8.25,6,8.5,7.6,7.3,5.5,5.8,0
T150055654,14,14,17,16,7.59,5.5,6.1,7.1,7.3,6.8,5.7,0
T150055655,18,20,15,17,8.19,8.1,8.2,7.6,6.7,6.2,7.8,1
T150055656,15,17,20,15,8.03,7.2,8.4,7.9,7.3,7,6.5,1
T150055657,16,18,17,16,8.36,6.3,8.4,7.9,7.5,5.7,6.4,0
T150055658,19,20,14,14,8.26,6.7,8.2,8,7.3,6.9,7.5,1
T150055659,17,15,14,17,7.52,7.1,8.3,7.6,7.1,5.8,6.8,0
T150055660,17,15,16,19,7.85,6.6,7.9,8.2,7.3,7,7.3,1
T150055661,17,16,18,19,8.27,7.1,7.9,7.8,7.4,5.8,6.6,1
T150055662,15,20,15,15,8.16,6.7,7.8,8.4,7.8,6.3,6.8,1
T150055663,19,19,14,19,8.41,6.3,7.7,7.8,6.9,6.5,6.3,1
T150055664,14,16,18,15,7.81,6.8,8.1,7.9,7.3,5.9,6.3,0
T150055665,17,15,14,15,7.85,6.5,7.6,8.4,7.4,6.9,7.3,1
T150055666,14,20,15,16,8.22,7.5,8.2,8.4,6.1,5.5,6.9,0
T150055667,18,14,15,18,7.56,6.8,8.3,6.9,7,6.2,5.9,0
T150055668,20,15,17,15,8.01,6.9,8.3,7.7,6.5,5.9,6.5,0
T150055669,15,20,20,15,7.78,7.2,7.9,7.7,6.4,6.2,6.8,0
T150055670,14,16,18,14,7.78,5.6,7.7,8.2,5.7,6,5.8,1
T150055671,14,14,17,17,8.15,6.9,7.6,8,6.6,6.9,7.4,1
T150055672,19,17,17,14,7.54,7.3,7.7,7.8,6.7,6.9,6.2,0
T150055673,19,17,18,19,7.78,7.4,8.4,8.1,7,6.9,7.1,1
T150055674,14,19,19,19,8.26,8.8,8.4,8.3,6.5,6.5,6.3,1
T150055675,20,18,14,17,7.93,7.1,7.6,7.6,6.8,6.5,7.2,1
T150055676,14,16,14,16,7.93,9,8.1,8.5,5.8,5.6,5.6,1
T150055677,16,17,15,17,7.75,6.2,7.6,7.5,7.4,7.1,6.8,0
T150055678,16,18,16,15,7.82,6.7,8.2,7.8,6.7,5.5,6.4,1
T150055679,18,14,20,15,7.54,5.5,8.2,7.8,5.5,6,6.8,1
T150055680,17,16,20,20,7.97,6.7,7.8,7.6,6.4,5.6,6.8,0
T150055681,18,18,19,18,7.8,6.7,7.6,7.8,6.1,5.7,7.2,0
T150055682,16,20,15,15,7.75,7,7.6,8.1,6.2,7.1,5.9,0
T150055683,14,20,14,18,8.38,7.3,7.8,8.1,6.5,5.9,5.5,0
T150055684,16,19,14,17,8.32,6.3,7.7,8.4,6.5,7.4,7.4,1
T150055685,14,16,18,17,7.59,7.3,8.2,7.8,5.9,6.3,6.2,0
T150055686,17,20,19,14,7.78,6.9,7.7,7.8,6.7,7.2,7.2,1
T150055687,15,19,19,19,8.1,6.8,7.9,8,5.6,6.9,6.6,0
T150055688,20,18,19,14,7.67,6.3,8.1,9.2,6.6,7,7.3,1
T150055689,19,14,19,15,8.35,7.2,7.6,8,7,5.8,6.2,1
T150055690,14,17,14,16,8.39,6.3,7.7,7.6,7.3,6.2,8,1
T150055691,20,18,18,15,7.54,8.3,8,7.8,5.5,6.4,7,1
T150055692,19,19,14,20,8.11,7.4,8,7.7,7.1,6.9,6.3,0
T150055693,17,14,19,16,7.75,6.7,8,8.2,5.5,7.1,6.4,1
T150055694,18,19,15,16,8.04,6.6,8.3,8,6,5.9,7.1,0
T150055695,18,17,14,19,7.61,8.8,8.4,7.9,7.3,7.3,5.5,0
T150055696,17,14,16,14,8.18,6.3,8.4,7.8,5.7,5.6,7.5,0
T150055697,14,14,14,20,7.5,5.9,7.2,7.8,5.5,6.2,6.9,0
T150055698,17,15,20,19,7.92,7.2,8.4,8.1,6.7,6,6.3,0
T150055699,19,17,16,19,7.57,5.7,7.5,7.5,5.5,6.3,7,0
T150055700,16,14,16,19,8.25,6,6,7.6,7.3,5.5,5.8,0
T150055701,14,14,17,16,7.59,8.1,8.2,8.1,7.3,6.8,5.7,1
T150055702,18,20,15,17,8.19,8.1,8.2,7.6,6.7,6.2,5.9,1
T150055703,15,17,20,15,8.03,7.2,8.4,7.9,7.3,7,6.5,1
T150055704,16,18,17,16,8.36,6.3,8.4,7.9,7.5,5.7,6.4,0
T150055705,19,20,14,14,8.26,6.7,8.2,8,7.3,6.9,7.5,1
T150055706,17,15,14,17,7.52,7.1,8.3,7.6,7.1,5.8,6.8,1
T150055707,17,15,16,19,7.85,6.6,7.9,8.2,7.3,7,7.3,1
T150055708,17,16,18,19,8.27,7.1,7.9,7.8,7.4,5.8,6.6,1
T150055709,15,20,15,15,8.16,6.7,7.8,8.4,7.8,6.3,6.8,1
T150055710,19,19,14,19,8.41,6.3,7.7,7.8,6.9,6.5,6.3,1
T150055711,14,16,18,15,7.81,6.8,8.1,7.9,7.3,5.9,6.3,0
T150055712,17,15,14,15,7.85,6.5,7.6,8.4,7.4,6.9,7.3,0
T150055713,14,20,15,16,8.22,7.5,8.2,8.4,6.1,5.5,6.9,0
T150055714,14,14,14,20,8.04,7.1,8.1,7.9,5.7,6.2,6.3,0
T150055715,14,20,15,19,8.19,6.7,7.7,8.3,5.8,6.1,7.1,0
T150055716,20,14,17,15,8.32,9.3,8.2,8.2,7.4,9,6.1,1
T150055717,19,18,18,14,7.52,9.4,8.4,8.5,5.9,6.5,6.3,1
T150055718,18,15,14,20,7.67,7.3,8,7.8,5.9,7.1,6.9,0
T150055719,14,14,16,19,7.64,5.8,7.9,7.9,7.4,7.1,7.1,0
T150055720,20,18,17,14,7.76,6.5,8.2,8.3,7.2,6.3,7.3,0
T150055721,18,14,15,18,7.56,6.8,8.3,6.9,7,6.2,5.9,0
T150055722,20,15,17,15,8.01,6.9,8.3,7.7,6.5,5.9,6.5,0
T150055723,15,20,20,15,7.78,7.2,7.9,7.7,6.4,6.2,6.8,0
T150055724,12,10,14,9,10,4.3,8.2,8.4,8.3,8.1,8,1
T150055725,8,10,11,18,8.8,8.9,7.8,8.8,7.4,8.3,9.4,1
T150055726,11,11,10,8,9.63,8.4,6.9,7.8,9,8,5.4,1
T150055727,14,13,8,8,6.55,4.5,6.5,6.9,3.3,4.1,4.6,0
T150055728,10,7,7,10,7.27,3.1,5.6,6.7,4.6,2.7,4.4,0
T150055729,12,9,12,11,6.9,2.9,6.2,7.1,3.5,3.7,4.6,0
T150055730,14,9,12,7,8.6,4.7,5.9,5.5,8,8.9,5.2,1
T150055731,7,13,11,13,9.37,4.3,6.2,6.9,4,5,5,0
T150055732,9,8,13,12,7.21,3,6.3,6.9,4.6,3.5,4.8,0
T150055733,13,8,9,11,7.36,2.8,5.7,5.8,2.8,1.9,4.5,0
T150055734,12,9,10,9,8.55,8.3,8,8,8,8.9,8,1
T150055735,13,13,12,10,7.1,4.7,6.5,6.2,4.1,4.7,5.3,0
T150055736,12,9,14,12,9,4.3,7.2,6.9,8,8.2,9.7,1
T150055737,7,14,7,11,8.99,7.4,5.5,3.4,2,2,5.6,0
T150055738,9,12,7,12,6.53,3.2,6.7,5.9,4.6,4,5.3,0
T150055739,11,7,11,8,7.33,3.3,5.6,5.8,2.8,2.4,4.5,0
T150055740,8,8,9,7,6.52,4.1,6.3,6.9,3.8,2,4.8,0
T150055741,13,13,10,8,7.18,3.8,6.6,7.2,4.9,2,5.5,0
T150055742,7,12,13,9,8.78,8.2,9,8.3,9,8.6,7.5,1
T150055743,22,22,25,22,8.97,9,8.7,8.5,7.7,8.4,7.9,0
T150055744,21,24,25,25,9.19,8.8,9.5,8.8,8.6,8.3,9.1,1
T150055745,22,22,22,21,9.45,9,8.5,9.2,8.4,9.4,8,1
T150055746,21,25,21,22,8.97,9,8.7,8.8,9.4,8.4,8.3,1
T150055747,21,22,21,22,9.37,7.6,9.2,9.2,9.2,9.1,9.2,1
T150055748,21,23,25,22,8.85,7.6,9.4,9.2,8.4,9,8.7,1
T150055749,22,22,24,24,8.78,8.4,9.3,9.4,7.7,9.2,9.3,1
T150055750,24,23,25,25,8.97,9,9,8.9,9.2,9.5,7.9,1
T150055751,22,21,25,23,8.97,8.7,8.8,8.5,8.8,8,8,1
T150055752,25,21,23,23,8.51,7.9,9.3,9.3,8.4,8.6,9,1
T150055753,23,21,21,24,8.78,8.1,8.6,9.5,8.2,8.7,9,1
T150055754,25,21,24,21,8.92,7.5,8.9,9.2,7.8,7.9,8,1
T150055755,24,22,23,24,9.16,8.2,8.8,9.2,8.5,7.5,9,1
T150055756,24,24,24,24,9.34,7.5,9,8.9,8.5,8.7,8.4,1
T150055757,21,23,23,21,8.79,7.7,8.8,9.4,9.2,7.5,8.7,1
T150055758,25,25,23,22,9.19,7.9,8.7,8.8,7.7,7.6,8.4,1
T150055759,22,25,24,23,9.35,8.4,9.4,8.8,8.9,9.1,8.4,1
T150055760,25,23,21,22,8.51,8.7,8.8,9.4,8,7.6,8,1
T150055761,21,23,24,25,8.82,7.8,9.3,9,8.6,8.1,8.7,1
T150055762,22,25,24,21,8.59,7.9,9.4,9.1,9,8.3,8.8,1
T150055763,21,21,23,22,8.5,5.7,9.2,9.3,8.9,7.7,8.1,1
T150055764,22,22,24,21,7,7.9,8.7,7.8,9.9,8.7,9.1,1
T150055765,21,27,20,19,5.9,6.8,5.7,7.4,6.7,9.7,9.1,0
T150055766,24,21,26,22,8.3,9.9,7.8,7.9,9.8,8.8,7.8,1
T150055767,23,24,27,23,8,8.3,7.6,7.8,8.1,7.8,8,1
T150055768,20,22,23,23,8.9,8.2,8.8,7.9,9,8.9,9.1,1
